full_name,age,league,season,position,Current Club,minutes_played_overall,minutes_played_home,minutes_played_away,nationality,appearances_overall,appearances_home,appearances_away,goals_overall,goals_home,goals_away,assists_overall,assists_home,assists_away,penalty_goals,penalty_misses,clean_sheets_overall,clean_sheets_home,clean_sheets_away,conceded_overall,conceded_home,conceded_away,yellow_cards_overall,red_cards_overall,goals_involved_per_90_overall,assists_per_90_overall,goals_per_90_overall,goals_per_90_home,goals_per_90_away,min_per_goal_overall,conceded_per_90_overall,min_per_conceded_overall,min_per_match,min_per_card_overall,min_per_assist_overall,cards_per_90_overall,rank_in_league_top_attackers,rank_in_league_top_midfielders,rank_in_league_top_defenders,rank_in_club_top_scorer
David de Gea,29,Premier League,2018/2019,Goalkeeper,Manchester United,3420,1710,1710,Spain,38,19,19,0,0,0,0,0,0,0,0,7,2,5,51,23,28,1,0,0,0,0,0,0,0,1.34,67,90,3420,0,0.03,310,419,90,18
Matteo Darmian,30,Premier League,2018/2019,Defender,Manchester United,443,353,90,Italy,6,4,1,0,0,0,0,0,0,0,0,1,1,0,7,4,3,0,0,0,0,0,0,0,0,1.42,63,74,0,0,0,411,366,102,25
Victor Nilsson Lindelöf,25,Premier League,2018/2019,Defender,Manchester United,2602,1112,1490,Sweden,30,12,17,1,1,0,1,0,1,0,0,6,2,4,38,13,25,1,0,0.07,0.03,0.03,0.08,0,2602,1.31,68,87,2602,2602,0.03,263,249,88,14
Luke Shaw,24,Premier League,2018/2019,Defender,Manchester United,2592,1170,1422,England,29,13,16,1,1,0,4,2,2,0,0,6,1,5,36,16,20,11,0,0.17,0.14,0.03,0.08,0,2592,1.25,72,89,236,648,0.38,262,104,79,13
Eric Bertrand Bailly,25,Premier League,2018/2019,Defender,Manchester United,637,349,288,Côte d'Ivoire,12,5,3,0,0,0,0,0,0,0,0,3,0,3,12,6,6,1,1,0,0,0,0,0,0,1.7,53,53,319,0,0.28,340,271,142,26
Juan Mata,31,Premier League,2018/2019,Midfielder,Manchester United,1294,833,461,Spain,22,10,6,3,3,0,2,2,0,0,0,4,2,2,14,6,8,3,0,0.35,0.14,0.21,0.32,0,431,0.97,92,59,431,647,0.21,91,100,-1,6
Paul Pogba,26,Premier League,2018/2019,Midfielder,Manchester United,3011,1517,1494,France,35,17,17,13,10,3,9,4,5,7,3,7,2,5,41,20,21,6,0,0.66,0.27,0.39,0.59,0.18,232,1.23,73,86,502,335,0.18,35,30,-1,1
Frederico Rodrigues Santos,26,Premier League,2018/2019,Midfielder,Manchester United,1045,577,468,Brazil,17,7,6,1,1,0,1,0,1,0,0,0,0,0,19,8,11,2,0,0.17,0.09,0.09,0.16,0,1045,1.64,55,61,523,1045,0.17,169,163,-1,12
Andreas Pereira,23,Premier League,2018/2019,Midfielder,Manchester United,595,521,74,Brazil,15,5,1,1,1,0,1,1,0,0,0,1,1,0,10,7,3,5,0,0.3,0.15,0.15,0.17,0,595,1.51,60,40,119,595,0.76,120,91,-1,16
Alexis Sanchez,30,Premier League,2018/2019,Forward,Manchester United,877,387,490,Chile,20,3,6,1,1,0,3,0,3,0,0,6,2,4,8,4,4,3,0,0.41,0.31,0.1,0.23,0,877,0.82,110,44,292,292,0.31,157,17,-1,10
Marcus Rashford,22,Premier League,2018/2019,Forward,Manchester United,2362,1293,1069,England,33,15,11,10,4,6,6,3,3,0,0,6,2,4,34,17,17,4,1,0.61,0.23,0.38,0.28,0.51,236,1.3,69,72,472,394,0.19,40,49,-1,3
Romelu Lukaku,26,Premier League,2018/2019,Forward,Manchester United,2130,982,1148,Belgium,32,10,12,12,4,8,0,0,0,0,0,7,2,5,36,14,22,4,0,0.51,0,0.51,0.37,0.63,178,1.52,59,67,533,0,0.17,16,280,-1,2
Scott McTominay,23,Premier League,2018/2019,Midfielder,Manchester United,861,345,516,England,16,4,5,2,0,2,0,0,0,0,0,3,1,2,17,6,11,1,0,0.21,0,0.21,0,0.35,431,1.78,51,54,861,0,0.1,92,281,-1,8
Marouane Fellaini,32,Premier League,2018/2019,Midfielder,Manchester United,744,217,527,Belgium,14,1,5,0,0,0,1,0,1,0,0,2,1,1,13,2,11,1,0,0.12,0.12,0,0,0,0,1.57,57,53,744,744,0.12,341,123,-1,22
Anthony Martial,24,Premier League,2018/2019,Forward,Manchester United,1623,743,880,France,27,8,10,10,4,6,2,1,1,1,0,5,1,4,25,8,17,2,0,0.67,0.11,0.55,0.48,0.61,162,1.39,65,60,812,812,0.11,12,136,-1,4
Chris Smalling,30,Premier League,2018/2019,Defender,Manchester United,2128,1138,990,England,24,13,11,1,0,1,0,0,0,0,0,4,2,2,34,16,18,1,0,0.04,0,0.04,0,0.09,2128,1.44,63,89,2128,0,0.04,240,282,109,15
Lee Grant,36,Premier League,2018/2019,Goalkeeper,Manchester United,0,0,0,England,0,0,0,0,0,0,0,0,0,0,0,0,0,0,0,0,0,0,0,0,0,0,0,0,0,0,0,0,0,0,0,-1,-1,-1,-1
Ashley Young,34,Premier League,2018/2019,Midfielder,Manchester United,2568,1207,1361,England,30,13,15,2,1,1,2,2,0,0,0,4,2,2,41,16,25,10,1,0.14,0.07,0.07,0.07,0.07,1284,1.44,63,86,257,1284,0.35,191,187,-1,9
Kasper Schmeichel,33,Premier League,2018/2019,Goalkeeper,Leicester City,3420,1710,1710,Denmark,38,19,19,0,0,0,0,0,0,0,0,10,6,4,43,18,25,3,0,0,0,0,0,0,0,1.13,80,90,1140,0,0.08,342,286,50,25
Wes Morgan,35,Premier League,2018/2019,Defender,Leicester City,1926,783,1143,Jamaica,22,9,12,3,1,2,0,0,0,0,0,6,3,3,24,9,15,5,2,0.14,0,0.14,0.11,0.16,642,1.12,80,88,385,0,0.23,127,268,48,6
Harry Maguire,26,Premier League,2018/2019,Defender,Leicester City,2599,1350,1249,England,31,15,16,3,0,3,0,0,0,0,0,7,3,4,36,16,20,7,1,0.1,0,0.1,0,0.22,866,1.25,72,84,325,0,0.28,167,266,78,5
Ricardo Domingos Barbosa Pereira,26,Premier League,2018/2019,Defender,Leicester City,3125,1526,1599,Portugal,35,17,18,2,2,0,6,3,3,0,0,10,6,4,40,16,24,7,0,0.23,0.17,0.06,0.12,0,1563,1.15,78,89,446,521,0.2,206,84,53,7
Ben Chilwell,22,Premier League,2018/2019,Defender,Leicester City,3240,1620,1620,England,36,18,18,0,0,0,4,1,3,0,0,10,6,4,39,15,24,4,0,0.11,0.11,0,0,0,0,1.08,83,90,810,810,0.11,343,138,44,24
Adrien Sebastian Perruchet Silva,30,Premier League,2018/2019,Midfielder,Leicester City,88,8,80,Portugal,2,0,1,0,0,0,0,0,0,0,0,1,1,0,1,0,1,0,0,0,0,0,0,0,0,1.02,88,44,0,0,0,-1,-1,-1,16
Daniel Amartey,24,Premier League,2018/2019,Midfielder,Leicester City,640,307,333,Ghana,9,3,4,0,0,0,0,0,0,0,0,2,1,1,9,4,5,2,0,0,0,0,0,0,0,1.27,71,71,320,0,0.28,344,278,-1,15
Onyinye Wilfred Ndidi,22,Premier League,2018/2019,Midfielder,Leicester City,3299,1624,1675,Nigeria,38,19,18,2,2,0,0,0,0,0,0,10,6,4,42,18,24,8,0,0.05,0,0.05,0.11,0,1650,1.15,79,87,412,0,0.22,218,322,-1,9
Demarai Gray,23,Premier League,2018/2019,Midfielder,Leicester City,1992,1069,923,England,34,11,12,4,1,3,1,1,0,0,0,8,5,3,26,10,16,2,0,0.23,0.05,0.18,0.08,0.29,498,1.17,77,59,996,1992,0.09,102,203,-1,3
James Maddison,23,Premier League,2018/2019,Midfielder,Leicester City,2850,1535,1315,England,36,18,17,7,3,4,7,4,3,1,1,8,5,3,39,18,21,5,1,0.44,0.22,0.22,0.18,0.27,407,1.23,73,79,570,407,0.16,89,56,-1,2
Kelechi Iheanacho,23,Premier League,2018/2019,Forward,Leicester City,926,408,518,Nigeria,30,4,5,1,1,0,3,2,1,0,0,6,4,2,11,5,6,2,0,0.39,0.29,0.1,0.22,0,926,1.07,84,31,463,309,0.19,156,28,-1,13
Jamie Vardy,32,Premier League,2018/2019,Forward,Leicester City,2735,1418,1317,England,34,16,14,18,8,10,4,3,1,4,1,10,6,4,33,13,20,4,1,0.72,0.13,0.59,0.51,0.68,152,1.09,83,80,547,684,0.16,9,114,-1,1
Rachid Ghezzal,27,Premier League,2018/2019,Forward,Leicester City,738,455,283,Algeria,19,5,3,1,1,0,0,0,0,0,0,3,2,1,12,6,6,3,0,0.12,0,0.12,0.2,0,738,1.46,62,39,246,0,0.37,139,304,-1,12
Vicente Iborra De La Fuente,31,Premier League,2018/2019,Midfielder,Leicester City,226,152,74,Spain,8,2,1,0,0,0,0,0,0,0,0,3,1,2,4,2,2,0,0,0,0,0,0,0,0,1.59,57,28,0,0,0,-1,-1,-1,14
Jonny Evans,31,Premier League,2018/2019,Defender,Leicester City,1995,1074,921,Northern Ireland,24,12,9,1,1,0,0,0,0,0,0,8,6,2,22,9,13,2,0,0.05,0,0.05,0.08,0,1995,0.99,91,83,998,0,0.09,226,311,32,11
Marc Albrighton,30,Premier League,2018/2019,Midfielder,Leicester City,1626,797,829,England,27,10,8,2,1,1,2,1,1,0,0,9,5,4,17,8,9,3,0,0.22,0.11,0.11,0.11,0.11,813,0.94,96,60,542,813,0.17,150,135,-1,8
Danny Ward,26,Premier League,2018/2019,Goalkeeper,Leicester City,0,0,0,Wales,0,0,0,0,0,0,0,0,0,0,0,0,0,0,0,0,0,0,0,0,0,0,0,0,0,0,0,0,0,0,0,-1,-1,-1,-1
Christian Fuchs,33,Premier League,2018/2019,Defender,Leicester City,206,90,116,Austria,3,1,1,0,0,0,0,0,0,0,0,0,0,0,4,3,1,0,0,0,0,0,0,0,0,1.75,52,69,0,0,0,-1,-1,-1,17
Hugo Lloris,32,Premier League,2018/2019,Goalkeeper,Tottenham Hotspur,2970,1620,1350,France,33,18,15,0,0,0,0,0,0,0,0,12,7,5,30,13,17,0,0,0,0,0,0,0,0,0.91,99,90,0,0,0,339,309,21,19
Jan Vertonghen,32,Premier League,2018/2019,Defender,Tottenham Hotspur,1915,884,1031,Belgium,22,10,12,1,0,1,0,0,0,0,0,7,4,3,21,7,14,5,1,0.05,0,0.05,0,0.09,1915,0.99,91,87,383,0,0.23,223,289,31,10
Serge Aurier,26,Premier League,2018/2019,Defender,Tottenham Hotspur,564,136,428,Côte d'Ivoire,8,2,4,0,0,0,2,0,2,0,0,3,0,3,9,2,7,1,0,0.32,0.32,0,0,0,0,1.44,63,71,564,282,0.16,351,15,106,27
Ben Davies,26,Premier League,2018/2019,Defender,Tottenham Hotspur,1839,916,923,Wales,27,10,10,0,0,0,0,0,0,0,0,10,6,4,24,10,14,2,0,0,0,0,0,0,0,1.17,77,68,920,0,0.1,353,287,59,26
Davinson Sánchez Mina,23,Premier League,2018/2019,Defender,Tottenham Hotspur,1943,873,1070,Colombia,23,10,12,1,1,0,1,0,1,0,0,6,3,3,21,9,12,2,0,0.09,0.05,0.05,0.1,0,1943,0.97,93,84,972,1943,0.09,220,200,28,13
Moussa Sissoko,30,Premier League,2018/2019,Midfielder,Tottenham Hotspur,2336,1187,1149,France,29,14,13,0,0,0,3,2,1,0,0,11,6,5,26,10,16,2,0,0.12,0.12,0,0,0,0,1,90,81,1168,779,0.08,354,130,-1,25
Christian Eriksen,27,Premier League,2018/2019,Midfielder,Tottenham Hotspur,2772,1457,1315,Denmark,35,16,14,8,6,2,12,8,4,0,0,10,6,4,34,14,20,3,0,0.65,0.39,0.26,0.37,0.14,347,1.1,82,79,924,231,0.1,74,9,-1,4
Lucas Rodrigues Moura da Silva,27,Premier League,2018/2019,Midfielder,Tottenham Hotspur,2127,1040,1087,Brazil,32,12,13,10,6,4,0,0,0,0,0,12,7,5,16,9,7,3,0,0.42,0,0.42,0.52,0.33,213,0.68,133,66,709,0,0.13,30,262,-1,3
Dele Alli,23,Premier League,2018/2019,Midfielder,Tottenham Hotspur,1827,755,1072,England,25,9,13,5,1,4,3,2,1,0,0,7,3,4,17,4,13,4,0,0.39,0.15,0.25,0.12,0.34,365,0.84,107,73,457,609,0.2,80,96,-1,5
Eric Dier,25,Premier League,2018/2019,Midfielder,Tottenham Hotspur,1510,674,836,England,20,8,10,3,2,1,0,0,0,0,0,6,2,4,16,8,8,4,0,0.18,0,0.18,0.27,0.11,503,0.95,94,76,378,0,0.24,107,259,-1,7
Harry Kane,26,Premier League,2018/2019,Forward,Tottenham Hotspur,2427,1066,1361,England,28,12,15,17,6,11,4,2,2,4,0,10,4,6,28,10,18,5,0,0.78,0.15,0.63,0.51,0.73,143,1.04,87,87,485,607,0.19,5,95,-1,1
Moussa Dembele,32,Premier League,2018/2019,Midfielder,Tottenham Hotspur,516,161,355,Belgium,10,2,5,0,0,0,0,0,0,0,0,3,0,3,5,3,2,1,0,0,0,0,0,0,0,0.87,103,52,516,0,0.17,355,260,-1,24
Heung-Min Son,27,Premier League,2018/2019,Forward,Tottenham Hotspur,2048,1161,887,South Korea,31,13,10,12,8,4,6,2,4,0,0,11,7,4,20,8,12,3,1,0.79,0.26,0.53,0.62,0.41,171,0.88,102,66,512,341,0.18,14,37,-1,2
Luke Amos,22,Premier League,2018/2019,Midfielder,Tottenham Hotspur,2,0,2,England,1,0,0,0,0,0,0,0,0,0,0,0,0,0,0,0,0,0,0,0,0,0,0,0,0,0,0,2,0,0,0,-1,-1,-1,23
Toby Alderweireld,30,Premier League,2018/2019,Defender,Tottenham Hotspur,2924,1549,1375,Belgium,34,17,16,0,0,0,0,0,0,0,0,12,6,6,28,15,13,3,0,0,0,0,0,0,0,0.86,104,86,975,0,0.09,356,258,20,20
Michel Vorm,36,Premier League,2018/2019,Goalkeeper,Tottenham Hotspur,180,90,90,Netherlands,2,1,1,0,0,0,0,0,0,0,0,0,0,0,4,2,2,0,0,0,0,0,0,0,0,2,45,90,0,0,0,-1,-1,-1,22
Kyle Walker-Peters,22,Premier League,2018/2019,Defender,Tottenham Hotspur,374,272,102,England,6,3,1,0,0,0,3,3,0,0,0,3,2,1,4,2,2,1,0,0.72,0.72,0,0,0,0,0.96,94,62,374,125,0.24,357,1,25,21
Fernando Llorente Torres,34,Premier League,2018/2019,Forward,Tottenham Hotspur,683,508,175,Spain,20,5,1,1,1,0,4,4,0,0,0,7,5,2,8,5,3,2,0,0.66,0.53,0.13,0.18,0,683,1.05,85,34,342,171,0.26,131,2,-1,8
Kepa Arrizabalaga,25,Premier League,2018/2019,Goalkeeper,Chelsea,3240,1620,1620,Spain,36,18,18,0,0,0,0,0,0,0,0,14,9,5,38,12,26,2,0,0,0,0,0,0,0,1.06,85,90,1620,0,0.06,364,342,38,24
David Luiz,32,Premier League,2018/2019,Defender,Chelsea,3239,1709,1530,Brazil,36,19,17,3,3,0,2,1,1,0,0,16,10,6,35,12,23,3,0,0.14,0.06,0.08,0.16,0,1080,0.97,93,90,1080,1620,0.08,183,198,27,9
Cesar Azpilicueta,30,Premier League,2018/2019,Defender,Chelsea,3403,1693,1710,Spain,38,19,19,1,0,1,5,3,2,0,0,16,10,6,38,12,26,4,0,0.16,0.13,0.03,0,0.05,3403,1,90,90,851,681,0.11,260,110,33,14
Marcos Alonso,28,Premier League,2018/2019,Defender,Chelsea,2761,1338,1423,Spain,31,15,16,2,1,1,4,3,1,0,0,14,8,6,28,9,19,6,0,0.2,0.13,0.07,0.07,0.06,1381,0.91,99,89,460,690,0.2,202,108,22,10
Antonio Rüdiger,26,Premier League,2018/2019,Defender,Chelsea,2874,1350,1524,Germany,33,15,18,1,1,0,0,0,0,0,0,12,7,5,34,10,24,7,0,0.03,0,0.03,0.07,0,2874,1.06,85,87,411,0,0.22,259,341,39,13
Ross Barkley,26,Premier League,2018/2019,Midfielder,Chelsea,1241,432,809,England,27,4,9,3,1,2,5,2,3,0,0,11,5,6,13,5,8,1,0,0.58,0.36,0.22,0.21,0.22,414,0.94,95,46,1241,248,0.07,88,12,-1,7
Jorginho,27,Premier League,2018/2019,Midfielder,Chelsea,3165,1621,1544,Italy,37,19,18,2,0,2,0,0,0,1,0,16,10,6,36,12,24,8,0,0.06,0,0.06,0,0.12,1583,1.02,88,86,396,0,0.23,209,336,-1,11
N'Golo Kanté,28,Premier League,2018/2019,Midfielder,Chelsea,3096,1579,1517,France,36,19,17,4,2,2,4,3,1,0,0,15,10,5,37,12,25,3,0,0.23,0.12,0.12,0.11,0.12,774,1.08,84,86,1032,774,0.09,140,121,-1,6
Willian,31,Premier League,2018/2019,Forward,Chelsea,2108,833,1275,Brazil,32,11,15,3,2,1,6,3,3,0,0,13,7,6,23,6,17,2,0,0.38,0.26,0.13,0.22,0.07,703,0.98,92,66,1054,351,0.09,129,33,-1,8
Pedro Rodriguez,32,Premier League,2018/2019,Midfielder,Chelsea,1780,958,822,Spain,31,10,11,8,6,2,2,2,0,0,0,11,7,4,18,7,11,2,0,0.51,0.1,0.4,0.56,0.22,223,0.91,99,57,890,890,0.1,33,146,-1,2
Alvaro Morata,27,Premier League,2018/2019,Forward,Chelsea,943,530,413,Spain,16,6,5,5,3,2,0,0,0,0,0,9,4,5,11,6,5,3,0,0.48,0,0.48,0.51,0.44,189,1.05,86,59,314,0,0.29,19,335,-1,4
Ruben Loftus-Cheek,23,Premier League,2018/2019,Midfielder,Chelsea,983,507,476,England,24,3,3,6,3,3,2,2,0,0,0,12,9,3,8,2,6,0,0,0.73,0.18,0.55,0.53,0.57,164,0.73,123,41,0,492,0,13,78,-1,3
Eden Hazard,28,Premier League,2018/2019,Midfielder,Chelsea,2926,1527,1399,Belgium,37,17,15,16,11,5,15,10,5,4,0,15,10,5,34,9,25,2,0,0.95,0.46,0.49,0.65,0.32,183,1.05,86,79,1463,195,0.06,18,5,-1,1
Victor Moses,28,Premier League,2018/2019,Midfielder,Chelsea,26,17,9,Nigeria,2,0,0,0,0,0,0,0,0,0,0,1,0,1,1,1,0,0,0,0,0,0,0,0,0,3.46,26,13,0,0,0,-1,-1,-1,23
Wilfredo Daniel Caballero,38,Premier League,2018/2019,Goalkeeper,Chelsea,180,90,90,Argentina,2,1,1,0,0,0,0,0,0,0,0,2,1,1,0,0,0,0,0,0,0,0,0,0,0,0,0,90,0,0,0,-1,-1,-1,19
Olivier Giroud,33,Premier League,2018/2019,Forward,Chelsea,832,446,386,France,27,4,3,2,1,1,4,3,1,0,0,12,7,5,4,1,3,1,0,0.65,0.43,0.22,0.2,0.23,416,0.43,208,31,832,208,0.11,87,7,-1,12
Davide Zappacosta,27,Premier League,2018/2019,Defender,Chelsea,125,35,90,Italy,4,0,1,0,0,0,0,0,0,0,0,3,2,1,0,0,0,0,0,0,0,0,0,0,0,0,0,31,0,0,0,-1,-1,-1,22
Andreas Christensen,23,Premier League,2018/2019,Defender,Chelsea,615,360,255,Denmark,8,4,2,0,0,0,0,0,0,0,0,3,3,0,7,2,5,1,0,0,0,0,0,0,0,1.02,88,77,615,0,0.15,338,334,34,21
Ben Foster,36,Premier League,2018/2019,Goalkeeper,Watford,3420,1710,1710,England,38,19,19,0,0,0,0,0,0,0,0,7,4,3,57,28,29,1,0,0,0,0,0,0,0,1.5,60,90,3420,0,0.03,365,333,117,18
José Holebas,35,Premier League,2018/2019,Defender,Watford,2394,1224,1170,Greece,28,14,13,3,2,1,6,5,1,0,0,5,3,2,38,20,18,13,1,0.34,0.23,0.11,0.15,0.08,798,1.43,63,86,171,399,0.53,151,48,105,7
Craig Cathcart,30,Premier League,2018/2019,Defender,Watford,3099,1561,1538,Northern Ireland,36,18,17,3,1,2,0,0,0,0,0,6,3,3,52,28,24,2,0,0.09,0,0.09,0.06,0.12,1033,1.51,60,86,1550,0,0.06,177,332,119,6
Christian Kabasele,28,Premier League,2018/2019,Defender,Watford,1587,957,630,Belgium,21,12,7,0,0,0,0,0,0,0,0,4,3,1,25,15,10,4,1,0,0,0,0,0,0,1.42,63,76,397,0,0.23,393,331,101,24
Daryl Janmaat,30,Premier League,2018/2019,Defender,Watford,1521,836,685,Netherlands,18,9,8,0,0,0,2,2,0,0,0,3,2,1,22,8,14,3,0,0.12,0.12,0,0,0,0,1.3,69,85,507,761,0.18,395,127,84,23
Etienne Capoue,31,Premier League,2018/2019,Midfielder,Watford,2947,1518,1429,France,33,17,16,1,0,1,3,2,1,0,0,7,4,3,47,24,23,15,1,0.12,0.09,0.03,0,0.06,2947,1.44,63,89,184,982,0.49,253,159,-1,9
Roberto Maximiliano Pereyra,28,Premier League,2018/2019,Forward,Watford,2825,1467,1358,Argentina,33,17,16,6,5,1,1,0,1,0,0,5,3,2,52,27,25,3,0,0.22,0.03,0.19,0.31,0.07,471,1.66,54,86,942,2825,0.1,100,253,-1,4
Abdoulaye Doucouré,26,Premier League,2018/2019,Midfielder,Watford,3062,1566,1496,France,35,17,17,5,3,2,6,2,4,0,0,5,3,2,54,27,27,7,0,0.32,0.18,0.15,0.17,0.12,612,1.59,57,87,437,510,0.21,123,72,-1,5
Will Hughes,24,Premier League,2018/2019,Midfielder,Watford,2436,1251,1185,England,32,16,15,2,1,1,4,2,2,0,0,5,3,2,39,19,20,5,0,0.22,0.15,0.07,0.07,0.08,1218,1.44,62,76,487,609,0.18,199,92,-1,8
Troy Deeney,31,Premier League,2018/2019,Forward,Watford,2548,1298,1250,England,32,15,13,9,3,6,5,1,4,1,0,5,3,2,43,23,20,5,1,0.49,0.18,0.32,0.21,0.43,283,1.52,59,80,425,510,0.21,54,74,-1,2
Andre Gray,28,Premier League,2018/2019,Forward,Watford,1358,809,549,England,29,8,5,7,5,2,2,2,0,0,0,5,3,2,23,16,7,2,0,0.6,0.13,0.46,0.56,0.33,194,1.52,59,47,679,679,0.13,25,109,-1,3
Isaac Ajayi Success,23,Premier League,2018/2019,Forward,Watford,1037,461,576,Nigeria,30,3,6,1,1,0,1,0,1,0,0,5,3,2,20,8,12,4,0,0.17,0.09,0.09,0.2,0,1037,1.74,52,35,259,1037,0.35,173,167,-1,10
Ken Sema,26,Premier League,2018/2019,Midfielder,Watford,755,301,454,Sweden,17,4,5,1,0,1,2,1,1,0,0,6,4,2,8,3,5,1,0,0.36,0.24,0.12,0,0.2,755,0.95,94,44,755,378,0.12,143,42,-1,14
Francisco Femenía Far,28,Premier League,2018/2019,Midfielder,Watford,2045,1011,1034,Spain,29,11,11,1,1,0,1,1,0,0,0,5,3,2,38,21,17,1,0,0.09,0.04,0.04,0.09,0,2045,1.67,54,71,2045,2045,0.04,238,224,-1,12
Heurelho da Silva Gomes,38,Premier League,2018/2019,Goalkeeper,Watford,0,0,0,Brazil,0,0,0,0,0,0,0,0,0,0,0,0,0,0,0,0,0,0,0,0,0,0,0,0,0,0,0,0,0,0,0,-1,-1,-1,-1
Sebastian Prödl,32,Premier League,2018/2019,Defender,Watford,13,0,13,Austria,1,0,0,0,0,0,0,0,0,0,0,1,0,1,0,0,0,0,0,0,0,0,0,0,0,0,0,13,0,0,0,-1,-1,-1,22
Adrian Mariappa,33,Premier League,2018/2019,Defender,Watford,1921,841,1080,Jamaica,26,8,12,0,0,0,0,0,0,0,0,6,3,3,29,10,19,3,0,0,0,0,0,0,0,1.36,66,74,640,0,0.14,396,340,93,21
Adam Masina,25,Premier League,2018/2019,Defender,Watford,1003,463,540,Italy,14,5,6,0,0,0,1,1,0,0,0,2,1,1,19,8,11,5,0,0.09,0.09,0,0,0,0,1.7,53,72,201,1003,0.45,397,164,141,20
Mathew Ryan,27,Premier League,2018/2019,Goalkeeper,Brighton & Hove Albion,3060,1530,1530,Australia,34,17,17,0,0,0,0,0,0,0,0,6,4,2,52,25,27,2,0,0,0,0,0,0,0,1.53,59,90,1530,0,0.06,398,351,122,15
Bruno Saltor Grau,39,Premier League,2018/2019,Defender,Brighton & Hove Albion,1136,534,602,Spain,14,6,8,0,0,0,1,1,0,0,0,4,2,2,17,8,9,2,0,0.08,0.08,0,0,0,0,1.35,67,81,568,1136,0.16,399,168,91,19
Shane Duffy,27,Premier League,2018/2019,Defender,Brighton & Hove Albion,3088,1558,1530,Republic of Ireland,35,18,17,5,2,3,1,1,0,0,0,7,5,2,51,23,28,5,1,0.17,0.03,0.15,0.12,0.18,618,1.49,61,88,515,3088,0.17,121,250,115,2
Lewis Dunk,28,Premier League,2018/2019,Defender,Brighton & Hove Albion,3153,1550,1603,England,36,18,18,2,0,2,1,0,1,0,0,7,5,2,53,24,29,7,1,0.09,0.03,0.06,0,0.11,1577,1.51,59,88,450,3153,0.2,204,251,120,5
Bernardo,24,Premier League,2018/2019,Defender,Brighton & Hove Albion,1750,990,760,Brazil,22,11,8,0,0,0,1,1,0,0,0,4,2,2,28,17,11,4,0,0.05,0.05,0,0,0,0,1.44,63,80,438,1750,0.21,400,209,108,20
Dale Stephens,30,Premier League,2018/2019,Midfielder,Brighton & Hove Albion,2487,1191,1296,England,30,14,15,1,0,1,1,0,1,0,0,5,3,2,43,18,25,7,1,0.07,0.04,0.04,0,0.07,2487,1.56,58,83,311,2487,0.29,234,234,-1,9
Pascal Groß,28,Premier League,2018/2019,Midfielder,Brighton & Hove Albion,1878,993,885,Germany,25,13,11,3,2,1,3,1,2,1,1,3,2,1,31,16,15,1,0,0.29,0.14,0.14,0.18,0.1,626,1.49,61,75,1878,626,0.05,126,103,-1,4
Davy Pröpper,28,Premier League,2018/2019,Midfielder,Brighton & Hove Albion,2551,1371,1180,Netherlands,30,16,14,1,0,1,1,0,1,0,0,5,4,1,44,19,25,2,0,0.07,0.04,0.04,0,0.08,2551,1.55,58,85,1276,2551,0.07,235,232,-1,10
Anthony Knockaert,28,Premier League,2018/2019,Midfielder,Brighton & Hove Albion,1832,982,850,France,30,10,8,2,1,1,6,5,1,0,0,3,3,0,36,17,19,5,1,0.39,0.29,0.1,0.09,0.11,916,1.77,51,61,305,305,0.29,166,26,-1,6
Solomon March,25,Premier League,2018/2019,Midfielder,Brighton & Hove Albion,2473,1153,1320,England,35,13,17,1,1,0,5,1,4,0,0,6,4,2,39,13,26,1,0,0.22,0.18,0.04,0.08,0,2473,1.42,63,71,2473,495,0.04,246,76,-1,11
Glenn Murray,36,Premier League,2018/2019,Forward,Brighton & Hove Albion,2514,1384,1130,England,38,17,13,13,8,5,1,1,0,4,0,7,5,2,44,22,22,5,0,0.5,0.04,0.47,0.52,0.4,193,1.58,57,66,503,2514,0.18,21,229,-1,1
Gaëtan Bong Songo,31,Premier League,2018/2019,Defender,Brighton & Hove Albion,1805,720,1085,Cameroon,22,8,11,0,0,0,0,0,0,0,0,5,3,2,32,9,23,0,0,0,0,0,0,0,0,1.6,56,82,0,0,0,401,368,131,18
Yves Bissouma,23,Premier League,2018/2019,Midfielder,Brighton & Hove Albion,1769,747,1022,Mali,28,7,10,0,0,0,0,0,0,0,0,5,4,1,30,14,16,5,0,0,0,0,0,0,0,1.53,59,63,354,0,0.25,402,367,-1,17
Alireza Jahanbakhsh,26,Premier League,2018/2019,Forward,Brighton & Hove Albion,1022,494,528,Iran,19,6,6,0,0,0,0,0,0,0,0,4,3,1,16,8,8,2,0,0,0,0,0,0,0,1.41,64,54,511,0,0.18,403,365,-1,16
Beram Kayal,31,Premier League,2018/2019,Midfielder,Brighton & Hove Albion,933,494,439,Israel,18,5,4,1,0,1,1,1,0,0,0,5,3,2,14,8,6,4,0,0.19,0.1,0.1,0,0.21,933,1.35,67,52,233,933,0.39,164,152,-1,8
Jürgen Locadia,26,Premier League,2018/2019,Forward,Brighton & Hove Albion,1227,590,637,Netherlands,26,6,6,2,2,0,0,0,0,0,0,4,3,1,19,9,10,1,0,0.15,0,0.15,0.31,0,614,1.39,65,47,1227,0,0.07,118,360,-1,7
Leon Balogun,31,Premier League,2018/2019,Defender,Brighton & Hove Albion,591,309,282,Nigeria,8,2,3,1,1,0,0,0,0,0,0,0,0,0,9,5,4,2,0,0.15,0,0.15,0.29,0,591,1.37,66,74,296,0,0.3,117,358,96,12
David Button,30,Premier League,2018/2019,Goalkeeper,Brighton & Hove Albion,360,180,180,England,4,2,2,0,0,0,0,0,0,0,0,1,1,0,5,1,4,0,0,0,0,0,0,0,0,1.25,72,90,0,0,0,404,357,80,14
Rui Pedro dos Santos Patrício,31,Premier League,2018/2019,Goalkeeper,Wolverhampton Wanderers,3330,1620,1710,Portugal,37,18,19,0,0,0,0,0,0,0,0,8,6,2,43,20,23,0,0,0,0,0,0,0,0,1.16,77,90,0,0,0,405,356,56,19
Ryan Bennett,29,Premier League,2018/2019,Defender,Wolverhampton Wanderers,3060,1710,1350,England,34,19,15,1,1,0,0,0,0,0,0,9,7,2,36,20,16,12,0,0.03,0,0.03,0.05,0,3060,1.06,85,90,255,0,0.35,256,355,40,11
Willy Boly,28,Premier League,2018/2019,Defender,Wolverhampton Wanderers,3169,1530,1639,France,36,17,19,4,2,2,0,0,0,0,0,8,6,2,38,17,21,3,1,0.11,0,0.11,0.12,0.11,792,1.08,83,88,792,0,0.11,152,354,41,3
Matt Doherty,27,Premier League,2018/2019,Defender,Wolverhampton Wanderers,3147,1557,1590,Republic of Ireland,38,17,18,4,1,3,5,4,1,0,0,9,7,2,38,18,20,5,0,0.26,0.14,0.11,0.06,0.17,787,1.09,83,83,629,629,0.14,153,105,46,4
Conor Coady,26,Premier League,2018/2019,Midfielder,Wolverhampton Wanderers,3420,1710,1710,England,38,19,19,0,0,0,0,0,0,0,0,9,7,2,43,20,23,5,0,0,0,0,0,0,0,1.13,80,90,684,0,0.13,394,328,-1,18
Jonny,25,Premier League,2018/2019,Defender,Wolverhampton Wanderers,2780,1269,1511,Spain,33,15,17,1,1,0,1,1,0,0,0,8,6,2,36,16,20,6,0,0.06,0.03,0.03,0.07,0,2780,1.17,77,84,463,2780,0.19,257,238,60,13
João Moutinho,33,Premier League,2018/2019,Midfielder,Wolverhampton Wanderers,3040,1532,1508,Portugal,38,18,17,1,0,1,8,5,3,0,0,9,7,2,37,17,20,4,0,0.27,0.24,0.03,0,0.06,3040,1.1,82,80,760,380,0.12,258,43,-1,12
Rúben Diogo Da Silva Neves,22,Premier League,2018/2019,Midfielder,Wolverhampton Wanderers,3009,1451,1558,Portugal,35,16,18,4,3,1,3,2,1,2,0,8,6,2,40,19,21,8,0,0.21,0.09,0.12,0.19,0.06,752,1.2,75,86,376,1003,0.24,146,154,-1,5
Diogo José Teixeira da Silva,23,Premier League,2018/2019,Midfielder,Wolverhampton Wanderers,2371,1210,1161,Portugal,33,15,14,9,7,2,5,3,2,0,0,9,7,2,29,11,18,11,0,0.53,0.19,0.34,0.52,0.16,263,1.1,82,72,216,474,0.42,51,71,-1,2
Hélder Wander Sousa Azevedo Costa,25,Premier League,2018/2019,Midfielder,Wolverhampton Wanderers,1345,657,688,Portugal,25,8,8,1,0,1,2,1,1,0,0,5,3,2,18,10,8,3,0,0.2,0.13,0.07,0,0.13,1345,1.2,75,54,448,673,0.2,196,115,-1,10
Raúl Alonso Jiménez Rodríguez,28,Premier League,2018/2019,Forward,Wolverhampton Wanderers,3125,1648,1477,Mexico,38,19,17,13,8,5,7,4,3,2,0,9,7,2,39,20,19,4,0,0.58,0.2,0.37,0.44,0.3,240,1.12,80,82,781,446,0.12,43,66,-1,1
Leonardo Bonatini Lohner Maia,25,Premier League,2018/2019,Forward,Wolverhampton Wanderers,128,61,67,Brazil,7,0,0,0,0,0,1,0,1,0,0,3,2,1,0,0,0,0,0,0.7,0.7,0,0,0,0,0,0,18,0,128,0,-1,-1,-1,14
Rúben Gonçalo Silva Nascimento Vinagre,20,Premier League,2018/2019,Defender,Wolverhampton Wanderers,703,514,189,Portugal,17,5,2,0,0,0,0,0,0,0,0,5,4,1,9,6,3,1,0,0,0,0,0,0,0,1.15,78,41,703,0,0.13,406,359,52,15
Morgan Gibbs-White,19,Premier League,2018/2019,Midfielder,Wolverhampton Wanderers,647,426,221,England,26,4,1,0,0,0,1,1,0,0,0,5,5,0,9,5,4,1,0,0.14,0.14,0,0,0,0,1.25,72,25,647,647,0.14,408,107,-1,16
Bright Enobakhare,21,Premier League,2018/2019,Forward,Wolverhampton Wanderers,0,0,0,England,0,0,0,0,0,0,0,0,0,0,0,0,0,0,0,0,0,0,0,0,0,0,0,0,0,0,0,0,0,0,0,-1,-1,-1,-1
John Ruddy,33,Premier League,2018/2019,Goalkeeper,Wolverhampton Wanderers,90,90,0,England,1,1,0,0,0,0,0,0,0,0,0,1,1,0,0,0,0,0,0,0,0,0,0,0,0,0,0,90,0,0,0,-1,-1,-1,17
Romain Saïss,29,Premier League,2018/2019,Midfielder,Wolverhampton Wanderers,1144,544,600,Morocco,19,6,6,2,1,1,0,0,0,0,0,4,3,1,16,6,10,7,0,0.16,0,0.16,0.17,0.15,572,1.26,72,60,163,0,0.55,116,361,-1,8
Kortney Hause,24,Premier League,2018/2019,Defender,Wolverhampton Wanderers,0,0,0,England,0,0,0,0,0,0,0,0,0,0,0,0,0,0,0,0,0,0,0,0,0,0,0,0,0,0,0,0,0,0,0,-1,-1,-1,-1
Jordan Pickford,25,Premier League,2018/2019,Goalkeeper,Everton,3420,1710,1710,England,38,19,19,0,0,0,0,0,0,0,0,14,9,5,44,20,24,1,0,0,0,0,0,0,0,1.16,78,90,3420,0,0.03,409,353,57,14
Phil Jagielka,37,Premier League,2018/2019,Defender,Everton,329,95,234,England,7,1,3,1,1,0,0,0,0,0,0,5,3,2,2,0,2,1,1,0.27,0,0.27,0.95,0,329,0.55,165,47,165,0,0.55,70,362,9,13
Leighton Baines,34,Premier League,2018/2019,Defender,Everton,376,141,235,England,6,2,3,0,0,0,0,0,0,0,0,1,0,1,6,2,4,0,0,0,0,0,0,0,0,1.44,63,63,0,0,0,410,364,107,21
Séamus Coleman,31,Premier League,2018/2019,Defender,Everton,2560,1333,1227,Republic of Ireland,29,15,14,2,2,0,2,0,2,0,0,13,8,5,29,15,14,1,0,0.14,0.07,0.07,0.14,0,1280,1.02,88,88,2560,1280,0.04,192,182,37,8
Michael Keane,26,Premier League,2018/2019,Defender,Everton,2970,1350,1620,England,33,15,18,1,0,1,2,1,1,0,0,13,8,5,37,15,22,2,0,0.09,0.06,0.03,0,0.06,2970,1.12,80,90,1485,1485,0.06,251,195,47,10
Morgan Schneiderlin,30,Premier League,2018/2019,Midfielder,Everton,833,473,360,France,14,6,4,0,0,0,1,1,0,0,0,7,5,2,9,5,4,2,0,0.11,0.11,0,0,0,0,0.97,93,60,417,833,0.22,412,134,-1,20
Gylfi Sigurdsson,30,Premier League,2018/2019,Midfielder,Everton,3134,1602,1532,Iceland,38,18,18,13,7,6,6,2,4,2,3,14,9,5,40,19,21,3,0,0.55,0.17,0.37,0.39,0.35,241,1.15,78,82,1045,522,0.09,41,86,-1,2
Idrissa Gana Gueye,30,Premier League,2018/2019,Midfielder,Everton,2825,1407,1418,Senegal,33,16,16,0,0,0,2,1,1,0,0,13,9,4,29,10,19,6,0,0.06,0.06,0,0,0,0,0.92,97,86,471,1413,0.19,413,190,-1,19
Theo Walcott,30,Premier League,2018/2019,Forward,Everton,2122,1114,1008,England,37,13,11,5,3,2,2,2,0,0,0,13,9,4,33,18,15,1,0,0.3,0.08,0.21,0.24,0.18,424,1.4,64,57,2122,1061,0.04,90,169,-1,4
Cenk Tosun,28,Premier League,2018/2019,Forward,Everton,1050,536,514,Turkey,25,5,5,3,2,1,3,1,2,0,0,7,4,3,16,9,7,3,0,0.51,0.26,0.26,0.34,0.18,350,1.37,66,42,350,350,0.26,75,38,-1,6
Richarlison de Andrade,22,Premier League,2018/2019,Forward,Everton,2679,1283,1396,Brazil,35,15,17,13,7,6,1,1,0,0,0,14,9,5,32,15,17,6,1,0.47,0.03,0.44,0.49,0.39,206,1.08,84,77,383,2679,0.24,28,252,-1,1
Mason Holgate,23,Premier League,2018/2019,Defender,Everton,407,270,137,England,5,3,1,0,0,0,0,0,0,0,0,0,0,0,9,5,4,1,0,0,0,0,0,0,0,1.99,45,81,407,0,0.22,414,369,161,16
Oumar Niasse,29,Premier League,2018/2019,Forward,Cardiff City,998,435,563,Senegal,18,5,7,0,0,0,0,0,0,0,0,3,2,1,12,5,7,0,0,0,0,0,0,0,0,1.08,83,55,0,0,0,415,370,-1,13
Lucas Digne,26,Premier League,2018/2019,Defender,Everton,2990,1511,1479,France,35,17,16,4,2,2,4,2,2,0,0,14,9,5,36,16,20,6,1,0.24,0.12,0.12,0.12,0.12,748,1.08,83,85,427,748,0.21,142,128,43,5
Sandro Ramirez,24,Premier League,2018/2019,Forward,Everton,0,0,0,Spain,0,0,0,0,0,0,0,0,0,0,0,0,0,0,0,0,0,0,0,0,0,0,0,0,0,0,0,0,0,0,0,-1,-1,-1,-1
Maarten Stekelenburg,37,Premier League,2018/2019,Goalkeeper,Everton,0,0,0,Netherlands,0,0,0,0,0,0,0,0,0,0,0,0,0,0,0,0,0,0,0,0,0,0,0,0,0,0,0,0,0,0,0,-1,-1,-1,-1
Tom Davies,21,Premier League,2018/2019,Midfielder,Everton,975,520,455,England,16,5,5,0,0,0,0,0,0,0,0,5,3,2,18,12,6,3,0,0,0,0,0,0,0,1.66,54,61,325,0,0.28,416,371,-1,18
Dominic Calvert-Lewin,22,Premier League,2018/2019,Forward,Everton,1774,1023,751,England,35,11,8,6,3,3,2,2,0,0,0,13,8,5,24,12,12,3,0,0.41,0.1,0.3,0.26,0.36,296,1.22,74,51,591,887,0.15,64,149,-1,3
Alisson Becker,27,Premier League,2018/2019,Goalkeeper,Liverpool,3420,1710,1710,Brazil,38,19,19,0,0,0,0,0,0,0,0,21,12,9,19,8,11,1,0,0,0,0,0,0,0,0.5,180,90,3420,0,0.03,417,372,3,16
Virgil van Dijk,28,Premier League,2018/2019,Defender,Liverpool,3385,1675,1710,Netherlands,38,19,19,4,2,2,2,1,1,0,0,21,12,9,19,8,11,1,0,0.16,0.05,0.11,0.11,0.11,846,0.51,178,89,3385,1693,0.03,155,208,4,6
Andrew Robertson,25,Premier League,2018/2019,Defender,Liverpool,3219,1599,1620,Scotland,36,18,18,0,0,0,11,9,2,0,0,21,12,9,17,7,10,4,0,0.31,0.31,0,0,0,0,0.48,189,89,805,293,0.11,418,19,2,20
Joe Gomez,22,Premier League,2018/2019,Defender,Liverpool,1060,493,567,England,16,5,7,0,0,0,0,0,0,0,0,11,8,3,3,0,3,2,0,0,0,0,0,0,0,0.25,353,66,530,0,0.17,407,363,1,19
Trent Alexander-Arnold,21,Premier League,2018/2019,Defender,Liverpool,2467,1266,1201,England,29,14,13,1,0,1,12,8,4,0,0,16,11,5,14,4,10,3,0,0.47,0.44,0.04,0,0.07,2467,0.51,176,85,822,206,0.11,245,6,6,13
James Milner,33,Premier League,2018/2019,Midfielder,Liverpool,1785,646,1139,England,31,7,12,5,0,5,4,2,2,3,0,18,9,9,11,4,7,7,1,0.45,0.2,0.25,0,0.4,357,0.55,162,58,255,446,0.35,79,64,-1,5
Georginio Wijnaldum,29,Premier League,2018/2019,Midfielder,Liverpool,2735,1413,1322,Netherlands,35,17,15,3,1,2,0,0,0,0,0,21,12,9,15,6,9,3,0,0.1,0,0.1,0.06,0.14,912,0.49,182,78,912,0,0.1,158,350,-1,8
Naby Deco Keïta,24,Premier League,2018/2019,Midfielder,Liverpool,1392,729,663,Guinea,25,8,8,2,1,1,1,1,0,0,0,15,10,5,7,4,3,0,0,0.19,0.06,0.13,0.12,0.14,696,0.45,199,56,0,1392,0,132,194,-1,9
Roberto Firmino,28,Premier League,2018/2019,Forward,Liverpool,2620,1347,1273,Brazil,34,16,15,12,7,5,6,3,3,1,0,18,9,9,13,7,6,0,0,0.62,0.21,0.41,0.47,0.35,218,0.45,202,77,0,437,0,32,62,-1,3
Mohamed Salah,27,Premier League,2018/2019,Forward,Liverpool,3262,1692,1570,Egypt,38,19,18,22,13,9,8,5,3,3,0,21,12,9,18,8,10,1,0,0.83,0.22,0.61,0.69,0.52,148,0.5,181,86,3262,408,0.03,7,59,-1,2
Sadio Mané,27,Premier League,2018/2019,Forward,Liverpool,3086,1643,1443,Senegal,36,19,16,22,18,4,1,0,1,0,0,20,12,8,18,8,10,2,0,0.67,0.03,0.64,0.99,0.25,140,0.52,171,86,1543,3086,0.06,4,248,-1,1
Jordan Henderson,29,Premier League,2018/2019,Midfielder,Liverpool,1983,925,1058,England,32,9,12,1,0,1,3,2,1,0,0,19,10,9,11,4,7,3,1,0.18,0.14,0.05,0,0.09,1983,0.5,180,62,661,661,0.14,221,106,-1,14
Xherdan Shaqiri,28,Premier League,2018/2019,Midfielder,Liverpool,1058,538,520,Switzerland,24,6,5,6,5,1,3,0,3,0,0,12,7,5,5,3,2,2,0,0.77,0.26,0.51,0.84,0.17,176,0.43,212,44,529,353,0.17,15,36,-1,4
Daniel Sturridge,30,Premier League,2018/2019,Forward,Liverpool,496,152,344,England,18,1,3,2,1,1,1,1,0,0,0,10,7,3,3,0,3,1,0,0.54,0.18,0.36,0.59,0.26,248,0.54,165,28,496,496,0.18,48,79,-1,10
Loris Karius,26,Premier League,2018/2019,Goalkeeper,Liverpool,0,0,0,Germany,0,0,0,0,0,0,0,0,0,0,0,0,0,0,0,0,0,0,0,0,0,0,0,0,0,0,0,0,0,0,0,-1,-1,-1,-1
Nathaniel Clyne,28,Premier League,2018/2019,Defender,AFC Bournemouth,1254,684,570,England,18,8,6,0,0,0,1,0,1,0,0,6,4,2,24,6,18,2,0,0.07,0.07,0,0,0,0,1.72,52,70,627,1254,0.14,392,184,147,22
Fabinho,26,Premier League,2018/2019,Midfielder,Liverpool,2013,1051,962,Brazil,28,11,10,1,1,0,2,1,1,0,0,15,7,8,13,6,7,6,0,0.13,0.09,0.04,0.09,0,2013,0.58,155,72,336,1007,0.27,228,160,-1,15
Adam David Lallana,31,Premier League,2018/2019,Midfielder,Liverpool,465,189,276,England,13,2,3,0,0,0,0,0,0,0,0,6,1,5,2,1,1,1,0,0,0,0,0,0,0,0.39,233,36,465,0,0.19,379,337,-1,18
Łukasz Fabiański,34,Premier League,2018/2019,Goalkeeper,West Ham United,3420,1710,1710,Poland,38,19,19,0,0,0,0,0,0,0,0,7,4,3,48,23,25,0,0,0,0,0,0,0,0,1.26,71,90,0,0,0,391,338,81,19
Angelo Ogbonna,31,Premier League,2018/2019,Defender,West Ham United,1870,956,914,Italy,24,10,10,1,1,0,1,1,0,0,0,3,2,1,32,13,19,2,0,0.1,0.05,0.05,0.09,0,1870,1.54,58,78,935,1870,0.1,217,202,124,13
Arthur Masuaku,26,Premier League,2018/2019,Defender,West Ham United,1700,766,934,France,22,9,10,0,0,0,1,1,0,0,0,5,2,3,26,11,15,2,0,0.05,0.05,0,0,0,0,1.38,65,77,850,1700,0.11,368,201,97,25
Ryan Fredericks,27,Premier League,2018/2019,Midfielder,West Ham United,1085,404,681,England,15,4,8,1,1,0,0,0,0,0,0,3,2,1,13,1,12,5,0,0.08,0,0.08,0.22,0,1085,1.08,83,72,217,0,0.41,190,330,-1,11
Fabián Cornelio Balbuena González,28,Premier League,2018/2019,Defender,West Ham United,2014,934,1080,Paraguay,23,11,12,1,0,1,0,0,0,0,0,5,2,3,27,13,14,2,0,0.04,0,0.04,0,0.08,2014,1.21,75,88,1007,0,0.09,227,339,67,10
Mark Noble,32,Premier League,2018/2019,Midfielder,West Ham United,2308,1147,1161,England,31,14,15,5,2,3,5,4,1,4,0,7,4,3,29,12,17,7,1,0.39,0.19,0.19,0.16,0.23,462,1.13,80,74,289,462,0.31,101,68,-1,5
Jack Wilshere,27,Premier League,2018/2019,Midfielder,West Ham United,389,181,208,England,8,2,2,0,0,0,1,0,1,0,0,2,1,1,8,2,6,2,0,0.23,0.23,0,0,0,0,1.85,49,49,195,389,0.46,369,47,-1,24
Michail Antonio,29,Premier League,2018/2019,Midfielder,West Ham United,2099,998,1101,England,33,11,11,6,4,2,4,2,2,0,0,5,3,2,26,10,16,3,0,0.43,0.17,0.26,0.36,0.16,350,1.11,81,64,700,525,0.13,76,85,-1,4
Felipe Anderson Pereira Gomes,26,Premier League,2018/2019,Midfielder,West Ham United,3054,1439,1615,Brazil,36,17,19,9,4,5,4,2,2,0,0,6,3,3,43,21,22,3,0,0.38,0.12,0.27,0.25,0.28,339,1.27,71,85,1018,764,0.09,71,126,-1,2
Declan Rice,20,Premier League,2018/2019,Midfielder,West Ham United,3005,1440,1565,Republic of Ireland,34,16,18,2,2,0,0,0,0,0,0,6,3,3,42,21,21,4,0,0.06,0,0.06,0.13,0,1503,1.26,72,88,751,0,0.12,215,344,-1,9
Marko Arnautović,30,Premier League,2018/2019,Forward,West Ham United,2000,1083,917,Austria,28,13,11,10,7,3,4,1,3,1,0,5,3,2,31,17,14,3,0,0.63,0.18,0.45,0.58,0.29,200,1.4,65,71,667,500,0.14,26,83,-1,1
Robert Snodgrass,32,Premier League,2018/2019,Midfielder,West Ham United,2222,1108,1114,Scotland,33,13,12,2,1,1,5,4,1,0,0,6,3,3,31,16,15,10,0,0.28,0.2,0.08,0.08,0.08,1111,1.26,72,67,222,444,0.41,182,65,-1,8
Javier Hernandez,31,Premier League,2018/2019,Forward,West Ham United,1335,694,641,Mexico,25,7,7,7,5,2,1,0,1,0,0,3,1,2,16,8,8,2,0,0.54,0.07,0.47,0.65,0.28,191,1.08,83,53,668,1335,0.13,23,189,-1,3
Andriy Yarmolenko,30,Premier League,2018/2019,Forward,West Ham United,459,269,190,Ukraine,9,3,2,2,0,2,0,0,0,0,0,1,1,0,4,1,3,2,0,0.39,0,0.39,0,0.95,230,0.78,115,51,230,0,0.39,36,347,-1,7
Pablo Zabaleta,34,Premier League,2018/2019,Defender,West Ham United,2092,1216,876,Argentina,26,14,9,0,0,0,1,1,0,0,0,4,2,2,32,22,10,4,0,0.04,0.04,0,0,0,0,1.38,65,80,523,2092,0.17,370,216,99,23
Adrián San Miguel del Castillo,32,Premier League,2018/2019,Goalkeeper,West Ham United,0,0,0,Spain,0,0,0,0,0,0,0,0,0,0,0,0,0,0,0,0,0,0,0,0,0,0,0,0,0,0,0,0,0,0,0,-1,-1,-1,-1
Pedro Obiang,27,Premier League,2018/2019,Midfielder,West Ham United,1121,609,512,Equatorial Guinea,24,7,5,0,0,0,1,0,1,0,0,7,4,3,17,9,8,0,0,0.08,0.08,0,0,0,0,1.36,66,47,0,1121,0,371,173,-1,22
Issa Diop,22,Premier League,2018/2019,Defender,West Ham United,2970,1530,1440,France,33,17,16,1,1,0,0,0,0,0,0,7,4,3,38,20,18,4,0,0.03,0,0.03,0.06,0,2970,1.15,78,90,743,0,0.12,248,349,54,14
Alex McCarthy,30,Premier League,2018/2019,Goalkeeper,Southampton,2250,1170,1080,England,25,13,12,0,0,0,0,0,0,0,0,4,2,2,37,16,21,1,0,0,0,0,0,0,0,1.48,61,90,2250,0,0.04,372,373,114,21
Ryan Bertrand,30,Premier League,2018/2019,Defender,Southampton,2160,1170,990,England,24,13,11,1,1,0,0,0,0,0,0,6,3,3,36,15,21,8,0,0.04,0,0.04,0.08,0,2160,1.5,60,90,270,0,0.33,241,352,116,13
Lucas Perez,31,Premier League,2018/2019,Forward,West Ham United,468,287,181,Spain,15,2,2,3,3,0,0,0,0,0,0,3,2,1,9,5,4,0,0,0.58,0,0.58,0.94,0,156,1.73,52,31,0,0,0,10,293,-1,6
Aaron Cresswell,29,Premier League,2018/2019,Defender,West Ham United,1645,944,701,England,20,10,8,0,0,0,1,1,0,0,0,3,2,1,22,12,10,1,0,0.05,0.05,0,0,0,0,1.2,75,82,1645,1645,0.05,292,212,65,20
Kurt Zouma,25,Premier League,2018/2019,Defender,Everton,2610,1350,1260,France,32,15,14,2,1,1,2,0,2,0,0,11,8,3,37,17,20,5,1,0.14,0.07,0.07,0.07,0.07,1305,1.28,71,82,522,1305,0.17,197,181,83,7
Ademola Lookman,22,Premier League,2018/2019,Forward,Everton,601,334,267,England,21,2,1,0,0,0,2,2,0,0,0,8,5,3,7,2,5,0,0,0.3,0.3,0,0,0,0,1.05,86,29,0,301,0,287,21,-1,17
Jonjoe Kenny,22,Premier League,2018/2019,Defender,Everton,790,413,377,England,10,4,4,0,0,0,1,1,0,0,0,2,1,1,14,7,7,1,0,0.11,0.11,0,0,0,0,1.59,56,79,790,790,0.11,308,142,129,15
Shane Long,32,Premier League,2018/2019,Forward,Southampton,1269,629,640,Republic of Ireland,26,6,6,5,3,2,1,1,0,0,0,5,2,3,20,7,13,3,0,0.43,0.07,0.35,0.43,0.28,254,1.42,63,49,423,1269,0.21,50,180,-1,4
Maya Yoshida,31,Premier League,2018/2019,Defender,Southampton,1520,800,720,Japan,17,9,8,0,0,0,1,1,0,0,0,3,1,2,27,14,13,0,0,0.06,0.06,0,0,0,0,1.6,56,89,0,1520,0,271,192,133,23
Matt Targett,24,Premier League,2018/2019,Defender,Southampton,1185,483,702,England,16,5,8,1,1,0,3,2,1,0,0,1,0,1,24,10,14,2,0,0.3,0.23,0.08,0.19,0,1185,1.82,49,74,593,395,0.15,189,50,151,11
Nampalys Mendy,27,Premier League,2018/2019,Midfielder,Leicester City,2088,1006,1082,France,31,11,12,0,0,0,0,0,0,0,0,9,5,4,26,11,15,5,0,0,0,0,0,0,0,1.12,80,67,418,0,0.22,288,284,-1,18
Adama Traoré Diarra,23,Premier League,2018/2019,Midfielder,Wolverhampton Wanderers,890,315,575,Spain,29,2,6,1,0,1,1,1,0,0,0,6,4,2,11,2,9,1,0,0.2,0.1,0.1,0,0.16,890,1.11,81,31,890,890,0.1,162,145,-1,9
Kieran Trippier,29,Premier League,2018/2019,Defender,Tottenham Hotspur,2278,1188,1090,England,27,13,13,1,1,0,3,0,3,0,0,10,5,5,20,10,10,2,0,0.16,0.12,0.04,0.08,0,2278,0.79,114,84,1139,759,0.08,247,125,19,12
Erik Lamela,27,Premier League,2018/2019,Midfielder,Tottenham Hotspur,971,493,478,Argentina,19,4,5,4,1,3,2,1,1,0,0,5,3,2,11,5,6,2,0,0.56,0.19,0.37,0.18,0.56,243,1.02,88,51,486,486,0.19,44,67,-1,6
Harry Winks,23,Premier League,2018/2019,Midfielder,Tottenham Hotspur,1591,832,759,England,26,9,8,1,0,1,0,0,0,0,0,10,4,6,16,8,8,4,0,0.06,0,0.06,0,0.12,1591,0.91,99,61,398,0,0.23,207,254,-1,9
Danny Rose,29,Premier League,2018/2019,Defender,Tottenham Hotspur,1806,969,837,England,26,11,9,0,0,0,3,1,2,0,0,10,7,3,12,6,6,5,0,0.15,0.15,0,0,0,0,0.6,151,69,361,602,0.25,289,97,11,17
André-Frank Zambo Anguissa,24,Premier League,2018/2019,Midfielder,Fulham,1518,587,931,Cameroon,22,6,10,0,0,0,0,0,0,0,0,3,2,1,30,10,20,3,1,0,0,0,0,0,0,1.78,51,69,506,0,0.18,290,256,-1,19
Mateo Kovačić,25,Premier League,2018/2019,Midfielder,Chelsea,1743,968,775,Croatia,32,12,9,0,0,0,2,1,1,0,0,12,8,4,18,4,14,3,0,0.1,0.1,0,0,0,0,0.93,97,54,581,872,0.15,291,147,-1,20
Nacho Monreal,33,Premier League,2018/2019,Defender,Arsenal,1861,781,1080,Spain,22,9,12,1,1,0,3,0,3,0,0,6,5,1,21,3,18,5,0,0.19,0.15,0.05,0.12,0,1861,1.02,89,85,372,620,0.24,219,93,36,11
Danny Welbeck,29,Premier League,2018/2019,Forward,Arsenal,147,47,100,England,8,0,1,1,1,0,1,0,1,0,0,2,2,0,2,0,2,0,0,1.22,0.61,0.61,1.91,0,147,1.22,74,18,0,147,0,-1,-1,-1,13
David Silva,33,Premier League,2018/2019,Midfielder,Manchester City,2411,1088,1323,Spain,33,13,15,6,4,2,8,3,5,0,0,17,8,9,14,7,7,2,0,0.52,0.3,0.22,0.33,0.14,402,0.52,172,73,1206,301,0.07,84,20,-1,7
Abdelhamid Sabiri,23,Premier League,2018/2019,Midfielder,Huddersfield Town,49,0,49,Morocco,2,0,1,0,0,0,0,0,0,0,0,0,0,0,3,0,3,0,0,0,0,0,0,0,0,5.51,16,25,0,0,0,-1,-1,-1,22
Isaac Mbenza,23,Premier League,2018/2019,Forward,Huddersfield Town,981,589,392,Belgium,22,5,5,1,1,0,1,1,0,0,0,4,2,2,25,15,10,1,0,0.18,0.09,0.09,0.15,0,981,2.29,39,45,981,981,0.09,170,153,-1,11
Daniel Williams,30,Premier League,2018/2019,Midfielder,Huddersfield Town,93,13,80,USA,5,0,1,0,0,0,0,0,0,0,0,1,0,1,1,0,1,1,0,0,0,0,0,0,0,0.97,93,19,93,0,0.97,-1,-1,-1,21
Kevin Long,29,Premier League,2018/2019,Defender,Burnley,513,90,423,Republic of Ireland,6,1,4,0,0,0,1,0,1,0,0,1,0,1,7,2,5,0,0,0.18,0.18,0,0,0,0,1.23,73,86,0,513,0,293,77,71,15
Martín Montoya,28,Premier League,2018/2019,Defender,Brighton & Hove Albion,2166,1176,990,Spain,25,13,11,0,0,0,1,0,1,0,0,3,3,0,38,18,20,4,0,0.04,0.04,0,0,0,0,1.58,57,87,542,2166,0.17,294,227,128,13
Jesse Lingard,26,Premier League,2018/2019,Midfielder,Manchester United,1668,963,705,England,27,11,8,4,1,3,2,1,1,1,0,6,2,4,25,16,9,3,0,0.32,0.11,0.22,0.09,0.38,417,1.35,67,62,556,834,0.16,85,139,-1,5
Ander Herrera,30,Premier League,2018/2019,Midfielder,Manchester United,1404,617,787,Spain,22,8,8,2,0,2,3,3,0,0,0,6,1,5,17,9,8,4,0,0.32,0.19,0.13,0,0.23,702,1.09,83,64,351,468,0.26,137,69,-1,7
Max Meyer,24,Premier League,2018/2019,Midfielder,Crystal Palace,1414,718,696,Germany,29,7,8,1,0,1,2,0,2,0,0,8,7,1,19,5,14,3,0,0.19,0.13,0.06,0,0.13,1414,1.21,74,49,471,707,0.19,216,116,-1,8
Jordan Ayew,28,Premier League,2018/2019,Forward,Crystal Palace,1186,616,570,Ghana,20,8,6,1,0,1,2,0,2,0,0,6,3,3,13,7,6,3,0,0.23,0.15,0.08,0,0.16,1186,0.99,91,59,395,593,0.23,184,90,-1,12
Alberto Moreno,27,Premier League,2018/2019,Defender,Liverpool,155,90,65,Spain,2,1,1,0,0,0,0,0,0,0,0,0,0,0,2,1,1,0,0,0,0,0,0,0,0,1.16,78,78,0,0,0,-1,-1,-1,17
Simon Mignolet,31,Premier League,2018/2019,Goalkeeper,Liverpool,0,0,0,Belgium,0,0,0,0,0,0,0,0,0,0,0,0,0,0,0,0,0,0,0,0,0,0,0,0,0,0,0,0,0,0,0,-1,-1,-1,-1
Joel Matip,28,Premier League,2018/2019,Defender,Liverpool,1532,811,721,Cameroon,22,9,8,1,1,0,0,0,0,0,0,11,6,5,9,5,4,3,0,0.06,0,0.06,0.11,0,1532,0.53,170,70,511,0,0.18,214,327,8,11
Fabian Delph,30,Premier League,2018/2019,Midfielder,Manchester City,725,266,459,England,11,3,5,0,0,0,1,1,0,0,0,4,1,3,9,4,5,2,1,0.12,0.12,0,0,0,0,1.12,81,66,242,725,0.37,295,129,-1,19
Arijanet Muric,21,Premier League,2018/2019,Goalkeeper,Manchester City,0,0,0,Montenegro,0,0,0,0,0,0,0,0,0,0,0,0,0,0,0,0,0,0,0,0,0,0,0,0,0,0,0,0,0,0,0,-1,-1,-1,-1
Jefferson Lerma,25,Premier League,2018/2019,Midfielder,AFC Bournemouth,2511,1319,1192,Colombia,30,15,14,2,0,2,0,0,0,0,0,8,4,4,45,18,27,12,0,0.07,0,0.07,0,0.15,1256,1.61,56,84,209,0,0.43,201,313,-1,6
Bernard Anício Caldeira Duarte,27,Premier League,2018/2019,Midfielder,Everton,2128,960,1168,Brazil,34,11,14,1,0,1,3,1,2,0,0,14,9,5,19,5,14,5,0,0.17,0.13,0.04,0,0.08,2128,0.8,112,63,426,709,0.21,242,111,-1,12
Kieran Dowell,22,Premier League,2018/2019,Midfielder,Everton,0,0,0,England,0,0,0,0,0,0,0,0,0,0,0,0,0,0,0,0,0,0,0,0,0,0,0,0,0,0,0,0,0,0,0,-1,-1,-1,-1
Steven Davis,34,Premier League,2018/2019,Midfielder,Southampton,96,6,90,Northern Ireland,3,0,1,0,0,0,1,0,1,0,0,0,0,0,3,0,3,0,0,0.94,0.94,0,0,0,0,2.81,32,32,0,96,0,-1,-1,-1,22
Shinji Okazaki,33,Premier League,2018/2019,Forward,Leicester City,269,126,143,Japan,21,0,1,0,0,0,1,0,1,0,0,2,2,0,1,0,1,0,0,0.33,0.33,0,0,0,0,0.33,269,13,0,269,0,-1,-1,-1,19
Markus Suttner,32,Premier League,2018/2019,Defender,Brighton & Hove Albion,0,0,0,Austria,0,0,0,0,0,0,0,0,0,0,0,0,0,0,0,0,0,0,0,0,0,0,0,0,0,0,0,0,0,0,0,-1,-1,-1,-1
Sullay Kaikai,24,Premier League,2018/2019,Midfielder,Crystal Palace,0,0,0,England,0,0,0,0,0,0,0,0,0,0,0,0,0,0,0,0,0,0,0,0,0,0,0,0,0,0,0,0,0,0,0,-1,-1,-1,-1
Marcus Bettinelli,27,Premier League,2018/2019,Goalkeeper,Fulham,630,270,360,England,7,3,4,0,0,0,0,0,0,0,0,0,0,0,19,7,12,1,0,0,0,0,0,0,0,2.71,33,90,630,0,0.14,296,315,174,14
Denis Odoi,31,Premier League,2018/2019,Defender,Fulham,2593,1153,1440,Belgium,31,13,16,0,0,0,1,0,1,0,0,5,3,2,59,23,36,4,0,0.03,0.03,0,0,0,0,2.05,44,84,648,2593,0.14,286,240,165,17
Jamie Sterry,24,Premier League,2018/2019,Defender,Newcastle United,0,0,0,England,0,0,0,0,0,0,0,0,0,0,0,0,0,0,0,0,0,0,0,0,0,0,0,0,0,0,0,0,0,0,0,-1,-1,-1,-1
Sean Longstaff,22,Premier League,2018/2019,Midfielder,Newcastle United,688,355,333,England,9,4,4,1,1,0,0,0,0,0,0,3,3,0,8,1,7,2,0,0.13,0,0.13,0.25,0,688,1.05,86,76,344,0,0.26,130,317,-1,11
Antonio Valencia,34,Premier League,2018/2019,Defender,Manchester United,466,196,270,Ecuador,6,2,3,0,0,0,0,0,0,0,0,2,0,2,5,4,1,2,0,0,0,0,0,0,0,0.97,93,78,233,0,0.39,299,320,29,24
Phil Jones,27,Premier League,2018/2019,Defender,Manchester United,1263,652,611,England,18,8,7,0,0,0,1,0,1,0,0,4,0,4,16,9,7,1,0,0.07,0.07,0,0,0,0,1.14,79,70,1263,1263,0.07,300,183,51,23
Nemanja Matić,31,Premier League,2018/2019,Midfielder,Manchester United,2441,1051,1390,Serbia,28,12,16,1,1,0,0,0,0,0,0,6,1,5,35,14,21,8,1,0.04,0,0.04,0.09,0,2441,1.29,70,87,305,0,0.29,229,323,-1,11
Alfie Mawson,25,Premier League,2018/2019,Defender,Fulham,1131,547,584,England,15,7,6,0,0,0,0,0,0,0,0,3,2,1,25,10,15,2,0,0,0,0,0,0,0,1.99,45,75,566,0,0.16,302,324,160,11
Diego Rico,26,Premier League,2018/2019,Defender,AFC Bournemouth,607,148,459,Spain,12,1,4,0,0,0,0,0,0,0,0,0,0,0,18,3,15,1,0,0,0,0,0,0,0,2.67,34,51,607,0,0.15,303,325,172,21
Kadeem Harris,26,Premier League,2018/2019,Midfielder,Cardiff City,366,133,233,England,13,1,2,1,1,0,0,0,0,0,0,4,1,3,5,1,4,1,0,0.25,0,0.25,0.68,0,366,1.23,73,28,366,0,0.25,78,292,-1,11
Brian Murphy,36,Premier League,2018/2019,Goalkeeper,Cardiff City,0,0,0,Republic of Ireland,0,0,0,0,0,0,0,0,0,0,0,0,0,0,0,0,0,0,0,0,0,0,0,0,0,0,0,0,0,0,0,-1,-1,-1,-1
Dwight McNeil,20,Premier League,2018/2019,Forward,Burnley,1599,941,658,England,21,11,8,3,3,0,4,2,2,0,0,4,3,1,22,12,10,2,0,0.39,0.23,0.17,0.29,0,533,1.24,73,76,800,400,0.11,111,53,-1,6
Matěj Vydra,27,Premier League,2018/2019,Forward,Burnley,311,91,220,Czech Republic,13,1,2,1,1,0,1,0,1,0,0,1,1,0,4,0,4,1,0,0.58,0.29,0.29,0.99,0,311,1.16,78,24,311,311,0.29,66,25,-1,12
Nathaniel Chalobah,25,Premier League,2018/2019,Midfielder,Watford,266,67,199,England,9,1,2,0,0,0,0,0,0,0,0,1,1,0,5,2,3,2,0,0,0,0,0,0,0,1.69,53,30,133,0,0.68,-1,-1,-1,19
Victor Wanyama,28,Premier League,2018/2019,Midfielder,Tottenham Hotspur,509,302,207,Kenya,13,3,1,1,1,0,0,0,0,0,0,6,4,2,3,3,0,2,0,0.18,0,0.18,0.3,0,509,0.53,170,39,255,0,0.35,106,295,-1,11
Paulo Dino Gazzaniga,27,Premier League,2018/2019,Goalkeeper,Tottenham Hotspur,270,0,270,Argentina,3,0,3,0,0,0,0,0,0,0,0,1,0,1,1,0,1,0,0,0,0,0,0,0,0,0.33,270,90,0,0,0,-1,-1,-1,15
Danny Drinkwater,29,Premier League,2018/2019,Midfielder,Chelsea,0,0,0,England,0,0,0,0,0,0,0,0,0,0,0,0,0,0,0,0,0,0,0,0,0,0,0,0,0,0,0,0,0,0,0,-1,-1,-1,-1
Oleksandr Zinchenko,22,Premier League,2018/2019,Midfielder,Manchester City,1153,613,540,Ukraine,14,8,6,0,0,0,3,2,1,0,0,10,6,4,4,2,2,1,0,0.23,0.23,0,0,0,0,0.31,288,82,1153,384,0.08,284,52,-1,20
Floyd Ayité,30,Premier League,2018/2019,Midfielder,Fulham,465,296,169,Togo,16,3,0,1,0,1,0,0,0,0,0,3,1,2,13,7,6,0,0,0.19,0,0.19,0,0.53,465,2.52,36,29,0,0,0,99,297,-1,9
Junior Stanislas,30,Premier League,2018/2019,Midfielder,AFC Bournemouth,1027,559,468,England,23,6,5,2,1,1,3,3,0,1,0,7,4,3,24,8,16,1,0,0.44,0.26,0.18,0.16,0.19,514,2.1,43,45,1027,342,0.09,103,34,-1,7
Sergio Germán Romero,32,Premier League,2018/2019,Goalkeeper,Manchester United,0,0,0,Argentina,0,0,0,0,0,0,0,0,0,0,0,0,0,0,0,0,0,0,0,0,0,0,0,0,0,0,0,0,0,0,0,-1,-1,-1,-1
Florin Andone,26,Premier League,2018/2019,Forward,Brighton & Hove Albion,874,415,459,Romania,23,3,5,3,2,1,0,0,0,0,0,3,3,0,13,5,8,5,0,0.31,0,0.31,0.43,0.2,291,1.34,67,38,175,0,0.51,59,298,-1,3
Alfie Whiteman,21,Premier League,2018/2019,Goalkeeper,Tottenham Hotspur,0,0,0,England,0,0,0,0,0,0,0,0,0,0,0,0,0,0,0,0,0,0,0,0,0,0,0,0,0,0,0,0,0,0,0,-1,-1,-1,-1
Gary Cahill,33,Premier League,2018/2019,Defender,Chelsea,22,1,21,England,2,0,0,0,0,0,0,0,0,0,0,2,1,1,0,0,0,0,0,0,0,0,0,0,0,0,0,11,0,0,0,-1,-1,-1,15
Cesc Fabregas,32,Premier League,2018/2019,Midfielder,Chelsea,175,73,102,Spain,6,0,1,0,0,0,0,0,0,0,0,3,2,1,2,0,2,1,0,0,0,0,0,0,0,1.03,88,29,175,0,0.51,-1,-1,-1,18
Grady Diangana,21,Premier League,2018/2019,Midfielder,West Ham United,604,326,278,England,17,3,3,0,0,0,1,1,0,0,0,2,1,1,11,8,3,0,0,0.15,0.15,0,0,0,0,1.64,55,36,0,604,0,298,98,-1,18
Sead Kolašinac,26,Premier League,2018/2019,Defender,Arsenal,1891,1127,764,Bosnia and Herzegovina,24,13,9,0,0,0,5,3,2,0,0,5,5,0,26,10,16,5,0,0.24,0.24,0,0,0,0,1.24,73,79,378,378,0.24,285,46,76,22
Marc Navarro Ceciliano,24,Premier League,2018/2019,Defender,Watford,84,0,84,Spain,2,0,1,0,0,0,0,0,0,0,0,0,0,0,2,0,2,0,0,0,0,0,0,0,0,2.14,42,42,0,0,0,-1,-1,-1,15
Tim Ream,32,Premier League,2018/2019,Defender,Fulham,2051,943,1108,USA,26,12,13,0,0,0,0,0,0,0,0,5,3,2,47,18,29,1,0,0,0,0,0,0,0,2.06,44,79,2051,0,0.04,266,303,167,12
Danilo,28,Premier League,2018/2019,Defender,Manchester City,806,450,356,Brazil,11,5,4,1,0,1,0,0,0,0,0,5,3,2,7,2,5,1,0,0.11,0,0.11,0,0.25,806,0.78,115,73,806,0,0.11,147,305,18,13
Jose Izquierdo,27,Premier League,2018/2019,Forward,Brighton & Hove Albion,794,365,429,Colombia,15,4,5,0,0,0,1,0,1,0,0,5,3,2,8,4,4,1,0,0.11,0.11,0,0,0,0,0.91,99,53,794,794,0.11,265,133,-1,21
Ivan Ricardo Neves Abreu Cavaleiro,26,Premier League,2018/2019,Forward,Wolverhampton Wanderers,682,331,351,Portugal,23,3,3,3,2,1,1,0,1,0,0,5,4,1,10,7,3,1,0,0.53,0.13,0.4,0.54,0.26,227,1.32,68,30,682,682,0.13,34,118,-1,6
Steven Defour,31,Premier League,2018/2019,Midfielder,Burnley,452,172,280,Belgium,6,2,4,0,0,0,0,0,0,0,0,1,0,1,12,5,7,0,0,0,0,0,0,0,0,2.39,38,75,0,0,0,264,288,-1,14
Oliver Skipp,19,Premier League,2018/2019,Midfielder,Tottenham Hotspur,216,191,25,England,8,2,0,0,0,0,0,0,0,0,0,4,3,1,0,0,0,0,0,0,0,0,0,0,0,0,0,27,0,0,0,-1,-1,-1,16
Aron Einar Gunnarsson,30,Premier League,2018/2019,Midfielder,Cardiff City,2274,1240,1034,Iceland,28,14,13,1,1,0,1,1,0,0,0,8,4,4,37,20,17,5,0,0.08,0.04,0.04,0.07,0,2274,1.46,61,81,455,2274,0.2,239,231,-1,9
Gerard Deulofeu,25,Premier League,2018/2019,Forward,Watford,2082,949,1133,Spain,30,12,14,10,3,7,5,3,2,0,0,6,3,3,28,11,17,3,0,0.65,0.22,0.43,0.28,0.56,208,1.21,74,69,694,416,0.13,29,60,-1,1
Zeze Steven Sessegnon,19,Premier League,2018/2019,Defender,Fulham,0,0,0,England,0,0,0,0,0,0,0,0,0,0,0,0,0,0,0,0,0,0,0,0,0,0,0,0,0,0,0,0,0,0,0,-1,-1,-1,-1
Damián Emiliano Martínez,27,Premier League,2018/2019,Goalkeeper,Arsenal,0,0,0,Argentina,0,0,0,0,0,0,0,0,0,0,0,0,0,0,0,0,0,0,0,0,0,0,0,0,0,0,0,0,0,0,0,-1,-1,-1,-1
Dejan Lovren,30,Premier League,2018/2019,Defender,Liverpool,985,540,445,Croatia,13,6,5,1,1,0,0,0,0,0,0,6,3,3,7,3,4,1,0,0.09,0,0.09,0.17,0,985,0.64,141,76,985,0,0.09,179,302,15,12
Loïc Damour,28,Premier League,2018/2019,Midfielder,Cardiff City,21,4,17,France,2,0,0,0,0,0,0,0,0,0,0,0,0,0,2,0,2,0,0,0,0,0,0,0,0,8.57,11,11,0,0,0,-1,-1,-1,15
Ben Wilmot,20,Premier League,2018/2019,Defender,Watford,26,0,26,England,2,0,0,0,0,0,0,0,0,0,0,1,0,1,2,0,2,0,0,0,0,0,0,0,0,6.92,13,13,0,0,0,-1,-1,-1,17
Domingos Quina,20,Premier League,2018/2019,Midfielder,Watford,335,217,118,Portugal,8,2,1,1,1,0,0,0,0,0,0,1,0,1,5,3,2,0,0,0.27,0,0.27,0.41,0,335,1.34,67,42,0,0,0,69,300,-1,13
Juninho Bacuna,22,Premier League,2018/2019,Midfielder,Huddersfield Town,1414,722,692,Netherlands,21,8,8,1,0,1,0,0,0,0,0,2,2,0,36,15,21,4,0,0.06,0,0.06,0,0.13,1414,2.29,39,67,354,0,0.25,203,291,-1,7
Divock Origi,24,Premier League,2018/2019,Forward,Liverpool,366,176,190,Belgium,12,2,2,3,2,1,1,0,1,0,0,7,4,3,2,0,2,0,0,0.98,0.25,0.74,1.02,0.47,122,0.49,183,31,0,366,0,2,39,-1,7
André Filipe Tavares Gomes,26,Premier League,2018/2019,Midfielder,Everton,1986,972,1014,Portugal,27,12,12,1,1,0,1,1,0,0,0,10,6,4,27,13,14,7,0,0.09,0.05,0.05,0.09,0,1986,1.22,74,74,284,1986,0.32,222,204,-1,11
Yerry Fernando Mina González,25,Premier League,2018/2019,Defender,Everton,890,360,530,Colombia,13,4,6,1,0,1,0,0,0,0,0,4,3,1,12,3,9,3,0,0.1,0,0.1,0,0.17,890,1.21,74,68,297,0,0.3,161,307,69,9
Connor Wickham,26,Premier League,2018/2019,Forward,Crystal Palace,61,49,12,England,6,0,0,0,0,0,1,0,1,0,0,2,1,1,0,0,0,0,0,1.48,1.48,0,0,0,0,0,0,10,0,61,0,-1,-1,-1,16
Emile Smith Rowe,19,Premier League,2018/2019,Midfielder,Arsenal,0,0,0,England,0,0,0,0,0,0,0,0,0,0,0,0,0,0,0,0,0,0,0,0,0,0,0,0,0,0,0,0,0,0,0,-1,-1,-1,-1
Zechariah Medley,19,Premier League,2018/2019,Defender,Arsenal,0,0,0,England,0,0,0,0,0,0,0,0,0,0,0,0,0,0,0,0,0,0,0,0,0,0,0,0,0,0,0,0,0,0,0,-1,-1,-1,-1
Caglar Söyüncü,23,Premier League,2018/2019,Defender,Leicester City,371,191,180,Turkey,6,2,2,0,0,0,0,0,0,0,0,2,2,0,3,1,2,1,0,0,0,0,0,0,0,0.73,124,62,371,0,0.24,267,299,16,20
Jason Steele,29,Premier League,2018/2019,Goalkeeper,Brighton & Hove Albion,0,0,0,England,0,0,0,0,0,0,0,0,0,0,0,0,0,0,0,0,0,0,0,0,0,0,0,0,0,0,0,0,0,0,0,-1,-1,-1,-1
Leander Dendoncker,24,Premier League,2018/2019,Midfielder,Wolverhampton Wanderers,1469,635,834,Belgium,19,7,10,2,1,1,0,0,0,0,0,4,4,0,19,6,13,1,0,0.12,0,0.12,0.14,0.11,735,1.16,77,77,1469,0,0.06,145,308,-1,7
Matthew Connolly,32,Premier League,2018/2019,Defender,Cardiff City,0,0,0,England,0,0,0,0,0,0,0,0,0,0,0,0,0,0,0,0,0,0,0,0,0,0,0,0,0,0,0,0,0,0,0,-1,-1,-1,-1
Stefano Okaka,30,Premier League,2018/2019,Forward,Watford,22,9,13,Italy,2,0,0,0,0,0,0,0,0,0,0,0,0,0,1,1,0,1,0,0,0,0,0,0,0,4.09,22,11,22,0,4.09,-1,-1,-1,16
Collin Quaner,28,Premier League,2018/2019,Forward,Huddersfield Town,37,9,28,Germany,2,0,0,0,0,0,0,0,0,0,0,0,0,0,2,0,2,0,0,0,0,0,0,0,0,4.86,19,19,0,0,0,-1,-1,-1,15
Joe Powell,21,Premier League,2018/2019,Forward,West Ham United,0,0,0,England,0,0,0,0,0,0,0,0,0,0,0,0,0,0,0,0,0,0,0,0,0,0,0,0,0,0,0,0,0,0,0,-1,-1,-1,-1
Conor Coventry,19,Premier League,2018/2019,Midfielder,West Ham United,0,0,0,Republic of Ireland,0,0,0,0,0,0,0,0,0,0,0,0,0,0,0,0,0,0,0,0,0,0,0,0,0,0,0,0,0,0,0,-1,-1,-1,-1
Robbie Brady,27,Premier League,2018/2019,Midfielder,Burnley,715,390,325,Republic of Ireland,16,4,2,0,0,0,1,0,1,0,0,2,1,1,12,8,4,4,1,0.13,0.13,0,0,0,0,1.51,60,45,143,715,0.63,268,120,-1,13
Faustino Marcos Alberto Rojo,29,Premier League,2018/2019,Defender,Manchester United,211,211,0,Argentina,5,2,0,0,0,0,0,0,0,0,0,0,0,0,4,4,0,2,0,0,0,0,0,0,0,1.71,53,42,106,0,0.85,-1,-1,-1,21
Danny Simpson,32,Premier League,2018/2019,Defender,Leicester City,291,26,265,England,6,0,3,0,0,0,0,0,0,0,0,3,1,2,4,0,4,0,0,0,0,0,0,0,0,1.24,73,49,0,0,0,269,318,74,21
Fousseni Diabaté,24,Premier League,2018/2019,Midfielder,Leicester City,55,0,55,Mali,1,0,1,0,0,0,0,0,0,0,0,0,0,0,1,0,1,0,0,0,0,0,0,0,0,1.64,55,55,0,0,0,-1,-1,-1,22
Juan Marcos Foyth,21,Premier League,2018/2019,Defender,Tottenham Hotspur,930,450,480,Argentina,12,5,5,1,0,1,0,0,0,0,0,4,3,1,10,2,8,4,1,0.1,0,0.1,0,0.19,930,0.97,93,78,186,0,0.48,159,310,26,14
Michael Obafemi,19,Premier League,2018/2019,Forward,Southampton,134,64,70,Republic of Ireland,6,1,0,1,0,1,1,1,0,0,0,0,0,0,2,2,0,1,0,1.34,0.67,0.67,0,1.29,134,1.34,67,22,134,134,0.67,-1,-1,-1,16
Viktor Gyökeres,21,Premier League,2018/2019,Forward,Brighton & Hove Albion,0,0,0,Sweden,0,0,0,0,0,0,0,0,0,0,0,0,0,0,0,0,0,0,0,0,0,0,0,0,0,0,0,0,0,0,0,-1,-1,-1,-1
Marc Pugh,32,Premier League,2018/2019,Midfielder,AFC Bournemouth,0,0,0,England,0,0,0,0,0,0,0,0,0,0,0,0,0,0,0,0,0,0,0,0,0,0,0,0,0,0,0,0,0,0,0,-1,-1,-1,-1
Edward Nketiah,20,Premier League,2018/2019,Forward,Arsenal,62,4,58,England,5,0,0,1,0,1,0,0,0,0,0,1,1,0,2,0,2,0,0,1.45,0,1.45,0,1.55,62,2.9,31,12,0,0,0,-1,-1,-1,14
Andy Carroll,30,Premier League,2018/2019,Forward,West Ham United,454,180,274,England,12,1,2,0,0,0,0,0,0,0,0,2,1,1,6,2,4,2,0,0,0,0,0,0,0,1.19,76,38,227,0,0.4,270,316,-1,17
Freddie Woodman,22,Premier League,2018/2019,Goalkeeper,Newcastle United,0,0,0,England,0,0,0,0,0,0,0,0,0,0,0,0,0,0,0,0,0,0,0,0,0,0,0,0,0,0,0,0,0,0,0,-1,-1,-1,-1
Ryan Giles,19,Premier League,2018/2019,Midfielder,Wolverhampton Wanderers,0,0,0,England,0,0,0,0,0,0,0,0,0,0,0,0,0,0,0,0,0,0,0,0,0,0,0,0,0,0,0,0,0,0,0,-1,-1,-1,-1
Jack Simpson,22,Premier League,2018/2019,Defender,AFC Bournemouth,403,240,163,England,6,2,2,0,0,0,0,0,0,0,0,2,1,1,9,2,7,0,0,0,0,0,0,0,0,2.01,45,67,0,0,0,272,312,163,18
Yann Valery,20,Premier League,2018/2019,Defender,Southampton,1715,1070,645,France,23,12,8,2,1,1,1,1,0,0,0,3,1,2,26,17,9,5,1,0.16,0.05,0.1,0.08,0.14,858,1.36,66,75,343,1715,0.26,163,207,95,7
José Diogo Dalot Teixeira,20,Premier League,2018/2019,Defender,Manchester United,1015,525,490,Portugal,16,6,6,0,0,0,2,2,0,0,0,2,0,2,18,8,10,3,0,0.18,0.18,0,0,0,0,1.6,56,63,338,508,0.27,283,73,132,17
Rafael Euclides Soares Camacho,19,Premier League,2018/2019,Midfielder,Liverpool,0,0,0,Portugal,1,0,0,0,0,0,0,0,0,0,0,0,0,0,0,0,0,0,0,0,0,0,0,0,0,0,0,0,0,0,0,-1,-1,-1,-1
Josh Knight,22,Premier League,2018/2019,Defender,Leicester City,0,0,0,England,0,0,0,0,0,0,0,0,0,0,0,0,0,0,0,0,0,0,0,0,0,0,0,0,0,0,0,0,0,0,0,-1,-1,-1,-1
Laurent Koscielny,34,Premier League,2018/2019,Defender,Arsenal,1328,484,844,France,17,5,8,3,2,1,0,0,0,0,0,4,3,1,21,5,16,1,0,0.2,0,0.2,0.37,0.11,443,1.42,63,78,1328,0,0.07,94,265,104,7
Ben White,22,Premier League,2018/2019,Defender,Brighton & Hove Albion,0,0,0,England,0,0,0,0,0,0,0,0,0,0,0,0,0,0,0,0,0,0,0,0,0,0,0,0,0,0,0,0,0,0,0,-1,-1,-1,-1
Emerson Palmieri dos Santos,25,Premier League,2018/2019,Defender,Chelsea,660,360,300,Italy,10,4,3,0,0,0,0,0,0,0,0,3,2,1,10,3,7,0,0,0,0,0,0,0,0,1.36,66,66,0,0,0,274,264,94,17
Hamza Choudhury,22,Premier League,2018/2019,Midfielder,Leicester City,596,308,288,England,9,4,3,0,0,0,0,0,0,0,0,4,2,2,4,3,1,0,0,0,0,0,0,0,0,0.6,149,66,0,0,0,275,263,-1,23
Georges-Kevin N'Koudou Mbida,24,Premier League,2018/2019,Forward,Tottenham Hotspur,4,0,4,France,1,0,0,0,0,0,1,0,1,0,0,0,0,0,0,0,0,0,0,22.5,22.5,0,0,0,0,0,0,4,0,4,0,-1,-1,-1,18
Julián Speroni,40,Premier League,2018/2019,Goalkeeper,Crystal Palace,90,0,90,Argentina,1,0,1,0,0,0,0,0,0,0,0,0,0,0,3,0,3,0,0,0,0,0,0,0,0,3,30,90,0,0,0,-1,-1,-1,15
Scott Dann,32,Premier League,2018/2019,Defender,Crystal Palace,660,360,300,England,10,4,3,0,0,0,1,0,1,0,0,3,2,1,7,4,3,1,0,0.14,0.14,0,0,0,0,0.95,94,66,660,660,0.14,276,101,24,14
Timothy Eyoma,19,Premier League,2018/2019,Defender,Tottenham Hotspur,0,0,0,England,0,0,0,0,0,0,0,0,0,0,0,0,0,0,0,0,0,0,0,0,0,0,0,0,0,0,0,0,0,0,0,-1,-1,-1,-1
Tom Cleverley,30,Premier League,2018/2019,Midfielder,Watford,470,102,368,England,13,1,3,1,0,1,0,0,0,0,0,4,2,2,7,0,7,2,0,0.19,0,0.19,0,0.24,470,1.34,67,36,235,0,0.38,98,261,-1,11
Alexandre Nascimento Costa Silva,22,Premier League,2018/2019,Forward,West Ham United,17,0,17,Portugal,1,0,0,0,0,0,0,0,0,0,0,0,0,0,0,0,0,0,0,0,0,0,0,0,0,0,0,17,0,0,0,-1,-1,-1,16
Tyreke Johnson,21,Premier League,2018/2019,Defender,Southampton,0,0,0,England,1,0,0,0,0,0,0,0,0,0,0,0,0,0,0,0,0,0,0,0,0,0,0,0,0,0,0,0,0,0,0,-1,-1,-1,-1
Bakayo Sako,49,Premier League,2018/2019,Midfielder,Arsenal,7,7,0,England,1,0,0,0,0,0,0,0,0,0,0,0,0,0,0,0,0,0,0,0,0,0,0,0,0,0,0,7,0,0,0,-1,-1,-1,17
Ali Koiki,19,Premier League,2018/2019,Defender,Burnley,0,0,0,England,0,0,0,0,0,0,0,0,0,0,0,0,0,0,0,0,0,0,0,0,0,0,0,0,0,0,0,0,0,0,0,-1,-1,-1,-1
Kayne Ramsey,19,Premier League,2018/2019,Midfielder,Southampton,90,90,0,England,1,1,0,0,0,0,0,0,0,0,0,0,0,0,3,3,0,0,0,0,0,0,0,0,0,3,30,90,0,0,0,-1,-1,-1,19
Max Kilman,22,Premier League,2018/2019,Defender,Wolverhampton Wanderers,0,0,0,England,1,0,0,0,0,0,0,0,0,0,0,1,1,0,0,0,0,0,0,0,0,0,0,0,0,0,0,0,0,0,0,-1,-1,-1,-1
Angel Gomes,19,Premier League,2018/2019,Midfielder,Manchester United,25,25,0,England,2,0,0,0,0,0,0,0,0,0,0,0,0,0,1,1,0,0,0,0,0,0,0,0,0,3.6,25,13,0,0,0,-1,-1,-1,19
Joseph Willock,20,Premier League,2018/2019,Midfielder,Arsenal,64,0,64,England,2,0,1,0,0,0,0,0,0,0,0,0,0,0,0,0,0,0,0,0,0,0,0,0,0,0,0,32,0,0,0,-1,-1,-1,16
Callum Hudson-Odoi,19,Premier League,2018/2019,Midfielder,Chelsea,391,267,124,England,10,3,1,0,0,0,1,1,0,0,0,3,3,0,5,2,3,0,0,0.23,0.23,0,0,0,0,1.15,78,39,0,391,0,277,51,-1,16
Miguel Ángel Britos Cabrera,34,Premier League,2018/2019,Defender,Watford,185,13,172,Uruguay,3,0,2,0,0,0,0,0,0,0,0,1,1,0,5,0,5,0,0,0,0,0,0,0,0,2.43,37,62,0,0,0,-1,-1,-1,25
Ethan Ampadu,19,Premier League,2018/2019,Midfielder,Chelsea,0,0,0,Wales,0,0,0,0,0,0,0,0,0,0,0,0,0,0,0,0,0,0,0,0,0,0,0,0,0,0,0,0,0,0,0,-1,-1,-1,-1
Callum Slattery,20,Premier League,2018/2019,Midfielder,Southampton,110,6,104,England,3,0,1,0,0,0,0,0,0,0,0,0,0,0,0,0,0,0,0,0,0,0,0,0,0,0,0,37,0,0,0,-1,-1,-1,18
Samir Nasri,32,Premier League,2018/2019,Midfielder,West Ham United,246,102,144,France,5,1,2,0,0,0,2,2,0,0,0,1,1,0,2,1,1,0,0,0.73,0.73,0,0,0,0,0.73,123,49,0,123,0,-1,-1,-1,15
Florian Lejeune,28,Premier League,2018/2019,Defender,Newcastle United,1055,515,540,France,12,6,6,0,0,0,0,0,0,0,0,3,3,0,12,3,9,0,0,0,0,0,0,0,0,1.02,88,88,0,0,0,278,267,35,14
Max Harrison Sanders,20,Premier League,2018/2019,Midfielder,Brighton & Hove Albion,0,0,0,England,0,0,0,0,0,0,0,0,0,0,0,0,0,0,0,0,0,0,0,0,0,0,0,0,0,0,0,0,0,0,0,-1,-1,-1,-1
Rhys Healey,25,Premier League,2018/2019,Forward,Cardiff City,49,17,32,England,3,0,0,0,0,0,0,0,0,0,0,1,1,0,1,0,1,0,0,0,0,0,0,0,0,1.84,49,16,0,0,0,-1,-1,-1,14
Harvey Lewis Barnes,22,Premier League,2018/2019,Midfielder,Leicester City,1007,601,406,England,16,6,5,1,0,1,2,2,0,0,0,3,3,0,16,7,9,0,0,0.27,0.18,0.09,0,0.22,1007,1.43,63,63,0,504,0,178,82,-1,10
Sam Gallagher,24,Premier League,2018/2019,Forward,Southampton,30,7,23,England,4,0,0,0,0,0,0,0,0,0,0,1,0,1,0,0,0,0,0,0,0,0,0,0,0,0,0,8,0,0,0,-1,-1,-1,17
Joshua Sims,22,Premier League,2018/2019,Midfielder,Southampton,209,139,70,England,7,1,1,0,0,0,1,1,0,0,0,1,0,1,5,3,2,0,0,0.43,0.43,0,0,0,0,2.15,42,30,0,209,0,-1,-1,-1,20
Joe Daniel Tupper,22,Premier League,2018/2019,Goalkeeper,Crystal Palace,0,0,0,England,0,0,0,0,0,0,0,0,0,0,0,0,0,0,0,0,0,0,0,0,0,0,0,0,0,0,0,0,0,0,0,-1,-1,-1,-1
Callum Roberts,22,Premier League,2018/2019,Forward,Newcastle United,0,0,0,England,0,0,0,0,0,0,0,0,0,0,0,0,0,0,0,0,0,0,0,0,0,0,0,0,0,0,0,0,0,0,0,-1,-1,-1,-1
Ryan Guno Babel,32,Premier League,2018/2019,Forward,Fulham,1260,668,592,Netherlands,16,8,7,5,3,2,3,3,0,0,0,3,2,1,24,12,12,3,0,0.57,0.21,0.36,0.4,0.3,252,1.71,53,79,420,420,0.21,46,61,-1,3
Kazaiah Sterling,21,Premier League,2018/2019,Forward,Tottenham Hotspur,0,0,0,England,0,0,0,0,0,0,0,0,0,0,0,0,0,0,0,0,0,0,0,0,0,0,0,0,0,0,0,0,0,0,0,-1,-1,-1,-1
Carl Jenkinson,27,Premier League,2018/2019,Defender,Arsenal,166,166,0,England,3,2,0,0,0,0,0,0,0,0,0,0,0,0,2,2,0,0,0,0,0,0,0,0,0,1.08,83,55,0,0,0,-1,-1,-1,18
Konstantinos Mavropanos,22,Premier League,2018/2019,Defender,Arsenal,150,46,104,Greece,4,1,2,0,0,0,0,0,0,0,0,1,0,1,1,1,0,1,0,0,0,0,0,0,0,0.6,150,38,150,0,0.6,-1,-1,-1,19
Dan Burn,27,Premier League,2018/2019,Defender,Brighton & Hove Albion,0,0,0,England,0,0,0,0,0,0,0,0,0,0,0,0,0,0,0,0,0,0,0,0,0,0,0,0,0,0,0,0,0,0,0,-1,-1,-1,-1
James McCarthy,29,Premier League,2018/2019,Midfielder,Everton,14,14,0,Republic of Ireland,1,0,0,0,0,0,0,0,0,0,0,1,1,0,0,0,0,0,0,0,0,0,0,0,0,0,0,14,0,0,0,-1,-1,-1,22
Josh Benson,20,Premier League,2018/2019,Midfielder,Burnley,0,0,0,England,0,0,0,0,0,0,0,0,0,0,0,0,0,0,0,0,0,0,0,0,0,0,0,0,0,0,0,0,0,0,0,-1,-1,-1,-1
Chris Mepham,22,Premier League,2018/2019,Defender,AFC Bournemouth,849,436,413,Wales,13,5,5,0,0,0,1,0,1,0,0,3,1,2,16,7,9,1,0,0.11,0.11,0,0,0,0,1.7,53,65,849,849,0.11,279,137,143,17
Dominic Solanke,22,Premier League,2018/2019,Forward,AFC Bournemouth,341,165,176,England,10,1,1,0,0,0,1,1,0,0,0,2,0,2,4,1,3,0,0,0.26,0.26,0,0,0,0,1.06,85,34,0,341,0,280,35,-1,16
Gonzalo Higuain,31,Premier League,2018/2019,Forward,Chelsea,1092,496,596,Argentina,14,6,7,5,4,1,0,0,0,0,0,5,4,1,15,3,12,0,0,0.41,0,0.41,0.73,0.15,218,1.24,73,78,0,0,0,31,279,-1,5
Antonio Barreca,24,Premier League,2018/2019,Defender,Newcastle United,4,0,4,Italy,1,0,0,0,0,0,0,0,0,0,0,0,0,0,0,0,0,0,0,0,0,0,0,0,0,0,0,4,0,0,0,-1,-1,-1,16
Adalberto Peñaranda Maestre,22,Premier League,2018/2019,Forward,Watford,0,0,0,Venezuela,0,0,0,0,0,0,0,0,0,0,0,0,0,0,0,0,0,0,0,0,0,0,0,0,0,0,0,0,0,0,0,-1,-1,-1,-1
Peter Crouch,38,Premier League,2018/2019,Forward,Burnley,86,56,30,England,6,0,0,0,0,0,0,0,0,0,0,0,0,0,0,0,0,1,0,0,0,0,0,0,0,0,0,14,86,0,1.05,-1,-1,-1,23
Alfie Jones,22,Premier League,2018/2019,Defender,Southampton,0,0,0,England,0,0,0,0,0,0,0,0,0,0,0,0,0,0,0,0,0,0,0,0,0,0,0,0,0,0,0,0,0,0,0,-1,-1,-1,-1
Karlan Ahearne-Grant,21,Premier League,2018/2019,Forward,Huddersfield Town,874,331,543,England,13,3,6,3,1,2,0,0,0,0,0,1,1,0,22,7,15,0,0,0.31,0,0.31,0.27,0.33,291,2.27,40,67,0,0,0,61,269,-1,3
Michy Batshuayi,26,Premier League,2018/2019,Forward,Crystal Palace,756,368,388,Belgium,11,4,5,5,2,3,0,0,0,0,0,3,2,1,11,7,4,0,0,0.6,0,0.6,0.49,0.7,151,1.31,69,69,0,0,0,8,275,-1,4
Bakary Sako,31,Premier League,2018/2019,Midfielder,Crystal Palace,25,8,17,Mali,4,0,0,0,0,0,0,0,0,0,0,1,1,0,0,0,0,0,0,0,0,0,0,0,0,0,0,6,0,0,0,-1,-1,-1,23
Cameron John,20,Premier League,2018/2019,Defender,Wolverhampton Wanderers,0,0,0,England,0,0,0,0,0,0,0,0,0,0,0,0,0,0,0,0,0,0,0,0,0,0,0,0,0,0,0,0,0,0,0,-1,-1,-1,-1
Leandro Bacuna,28,Premier League,2018/2019,Midfielder,Cardiff City,554,302,252,Curaçao,11,2,2,0,0,0,0,0,0,0,0,4,2,2,11,10,1,2,0,0,0,0,0,0,0,1.79,50,50,277,0,0.32,281,272,-1,25
Denis Suárez,25,Premier League,2018/2019,Midfielder,Arsenal,67,29,38,Spain,4,0,0,0,0,0,0,0,0,0,0,1,1,0,0,0,0,0,0,0,0,0,0,0,0,0,0,17,0,0,0,-1,-1,-1,28
Curtis Jones,18,Premier League,2018/2019,Midfielder,Liverpool,0,0,0,England,0,0,0,0,0,0,0,0,0,0,0,0,0,0,0,0,0,0,0,0,0,0,0,0,0,0,0,0,0,0,0,-1,-1,-1,-1
Joel Coleman,24,Premier League,2018/2019,Goalkeeper,Huddersfield Town,90,0,90,England,1,0,1,0,0,0,0,0,0,0,0,0,0,0,1,0,1,0,0,0,0,0,0,0,0,1,90,90,0,0,0,-1,-1,-1,16
Kyle Taylor,20,Premier League,2018/2019,Midfielder,AFC Bournemouth,0,0,0,England,0,0,0,0,0,0,0,0,0,0,0,0,0,0,0,0,0,0,0,0,0,0,0,0,0,0,0,0,0,0,0,-1,-1,-1,-1
Sam Surridge,21,Premier League,2018/2019,Forward,AFC Bournemouth,11,0,11,England,2,0,0,0,0,0,0,0,0,0,0,0,0,0,0,0,0,0,0,0,0,0,0,0,0,0,0,6,0,0,0,-1,-1,-1,15
Youri Tielemans,22,Premier League,2018/2019,Midfielder,Leicester City,1092,575,517,Belgium,13,7,6,3,2,1,4,2,2,0,0,3,3,0,13,5,8,2,0,0.58,0.33,0.25,0.31,0.17,364,1.07,84,84,546,273,0.16,82,13,-1,4
Miguel Ángel Almirón Rejala,25,Premier League,2018/2019,Midfielder,Newcastle United,763,405,358,Paraguay,10,5,4,0,0,0,0,0,0,0,0,3,2,1,10,4,6,0,0,0,0,0,0,0,0,1.18,76,76,0,0,0,282,270,-1,24
Manuel Lanzini,26,Premier League,2018/2019,Midfielder,West Ham United,688,367,321,Argentina,10,4,4,1,0,1,1,0,1,0,0,2,2,0,11,5,6,2,0,0.26,0.13,0.13,0,0.28,688,1.44,63,69,344,688,0.26,138,117,-1,12
Håvard Nordtveit,29,Premier League,2018/2019,Midfielder,Fulham,361,90,271,Norway,5,1,3,0,0,0,1,0,1,0,0,1,0,1,9,2,7,0,0,0.25,0.25,0,0,0,0,2.24,40,72,0,361,0,419,41,-1,15
Lazar Marković,25,Premier League,2018/2019,Midfielder,Fulham,44,0,44,Serbia,1,0,0,0,0,0,0,0,0,0,0,0,0,0,0,0,0,0,0,0,0,0,0,0,0,0,0,44,0,0,0,-1,-1,-1,16
Demeaco Duhaney,21,Premier League,2018/2019,Defender,Huddersfield Town,46,46,0,England,1,1,0,0,0,0,0,0,0,0,0,1,1,0,0,0,0,0,0,0,0,0,0,0,0,0,0,46,0,0,0,-1,-1,-1,17
James Garner,18,Premier League,2018/2019,Defender,Manchester United,0,0,0,England,1,0,0,0,0,0,0,0,0,0,0,0,0,0,0,0,0,0,0,0,0,0,0,0,0,0,0,0,0,0,0,-1,-1,-1,-1
Tahith Chong,20,Premier League,2018/2019,Forward,Manchester United,36,0,36,Netherlands,2,0,0,0,0,0,0,0,0,0,0,0,0,0,1,0,1,0,0,0,0,0,0,0,0,2.5,36,18,0,0,0,-1,-1,-1,20
Philippe Sandler,22,Premier League,2018/2019,Defender,Manchester City,0,0,0,Netherlands,0,0,0,0,0,0,0,0,0,0,0,0,0,0,0,0,0,0,0,0,0,0,0,0,0,0,0,0,0,0,0,-1,-1,-1,-1
Benjamin Johnson,19,Premier League,2018/2019,Forward,West Ham United,63,0,63,England,1,0,1,0,0,0,0,0,0,0,0,0,0,0,1,0,1,0,0,0,0,0,0,0,0,1.43,63,63,0,0,0,-1,-1,-1,26
Matty Daly,18,Premier League,2018/2019,Midfielder,Huddersfield Town,73,49,24,England,2,0,0,0,0,0,0,0,0,0,0,0,0,0,1,1,0,0,0,0,0,0,0,0,0,1.23,73,37,0,0,0,-1,-1,-1,18
Will Norris,26,Premier League,2018/2019,Goalkeeper,Wolverhampton Wanderers,0,0,0,England,1,0,0,0,0,0,0,0,0,0,0,1,1,0,0,0,0,0,0,0,0,0,0,0,0,0,0,0,0,0,0,-1,-1,-1,-1
Aaron Rowe,19,Premier League,2018/2019,Forward,Huddersfield Town,69,14,55,England,2,0,1,0,0,0,0,0,0,0,0,0,0,0,1,0,1,0,0,0,0,0,0,0,0,1.3,69,35,0,0,0,-1,-1,-1,31
Mason Greenwood,18,Premier League,2018/2019,Midfielder,Manchester United,115,105,10,England,3,1,0,0,0,0,0,0,0,0,0,0,0,0,2,2,0,0,0,0,0,0,0,0,0,1.57,58,38,0,0,0,-1,-1,-1,27
Sam Woods,21,Premier League,2018/2019,Defender,Crystal Palace,0,0,0,England,0,0,0,0,0,0,0,0,0,0,0,0,0,0,0,0,0,0,0,0,0,0,0,0,0,0,0,0,0,0,0,-1,-1,-1,-1
George Marsh,21,Premier League,2018/2019,Midfielder,Tottenham Hotspur,0,0,0,England,0,0,0,0,0,0,0,0,0,0,0,0,0,0,0,0,0,0,0,0,0,0,0,0,0,0,0,0,0,0,0,-1,-1,-1,-1
Harvey Elliot,49,Premier League,2018/2019,Forward,Fulham,18,16,2,England,2,0,0,0,0,0,0,0,0,0,0,0,0,0,0,0,0,0,0,0,0,0,0,0,0,0,0,9,0,0,0,-1,-1,-1,28
Nathan Holland,21,Premier League,2018/2019,Midfielder,West Ham United,0,0,0,England,0,0,0,0,0,0,0,0,0,0,0,0,0,0,0,0,0,0,0,0,0,0,0,0,0,0,0,0,0,0,0,-1,-1,-1,-1
Vincent Janssen,25,Premier League,2018/2019,Forward,Tottenham Hotspur,36,36,0,Netherlands,3,0,0,0,0,0,0,0,0,0,0,1,1,0,0,0,0,0,0,0,0,0,0,0,0,0,0,12,0,0,0,-1,-1,-1,28
Emerson Hyndman,23,Premier League,2018/2019,Midfielder,AFC Bournemouth,37,0,37,USA,1,0,0,0,0,0,0,0,0,0,0,0,0,0,2,0,2,0,0,0,0,0,0,0,0,4.86,19,37,0,0,0,-1,-1,-1,14
Nnamdi Ofoborh,20,Premier League,2018/2019,Midfielder,AFC Bournemouth,0,0,0,England,0,0,0,0,0,0,0,0,0,0,0,0,0,0,0,0,0,0,0,0,0,0,0,0,0,0,0,0,0,0,0,-1,-1,-1,-1
Fraser Forster,31,Premier League,2018/2019,Goalkeeper,Southampton,90,0,90,England,1,0,1,0,0,0,0,0,0,0,0,0,0,0,3,0,3,0,0,0,0,0,0,0,0,3,30,90,0,0,0,-1,-1,-1,29
Alex Oxlade-Chamberlain,26,Premier League,2018/2019,Midfielder,Liverpool,19,19,0,England,2,0,0,0,0,0,0,0,0,0,0,2,2,0,0,0,0,0,0,0,0,0,0,0,0,0,0,10,0,0,0,-1,-1,-1,21
Anthony Driscoll-Glennon,20,Premier League,2018/2019,Defender,Burnley,0,0,0,England,0,0,0,0,0,0,0,0,0,0,0,0,0,0,0,0,0,0,0,0,0,0,0,0,0,0,0,0,0,0,0,-1,-1,-1,-1
Mark Travers,20,Premier League,2018/2019,Goalkeeper,AFC Bournemouth,180,90,90,Republic of Ireland,2,1,1,0,0,0,0,0,0,0,0,1,1,0,5,0,5,0,0,0,0,0,0,0,0,2.5,36,90,0,0,0,-1,-1,-1,28
Jayson Molumby,20,Premier League,2018/2019,Midfielder,Brighton & Hove Albion,0,0,0,Republic of Ireland,0,0,0,0,0,0,0,0,0,0,0,0,0,0,0,0,0,0,0,0,0,0,0,0,0,0,0,0,0,0,0,-1,-1,-1,-1
Luke Dreher,21,Premier League,2018/2019,Midfielder,Crystal Palace,0,0,0,England,1,0,0,0,0,0,0,0,0,0,0,0,0,0,0,0,0,0,0,0,0,0,0,0,0,0,0,0,0,0,0,-1,-1,-1,-1
Nikola Tavares,20,Premier League,2018/2019,Defender,Crystal Palace,0,0,0,England,0,0,0,0,0,0,0,0,0,0,0,0,0,0,0,0,0,0,0,0,0,0,0,0,0,0,0,0,0,0,0,-1,-1,-1,-1
Matt Butcher,22,Premier League,2018/2019,Midfielder,AFC Bournemouth,0,0,0,England,0,0,0,0,0,0,0,0,0,0,0,0,0,0,0,0,0,0,0,0,0,0,0,0,0,0,0,0,0,0,0,-1,-1,-1,-1
Luca de la Torre,21,Premier League,2018/2019,Midfielder,Fulham,0,0,0,USA,0,0,0,0,0,0,0,0,0,0,0,0,0,0,0,0,0,0,0,0,0,0,0,0,0,0,0,0,0,0,0,-1,-1,-1,-1
Lewis Cass,19,Premier League,2018/2019,Defender,Newcastle United,0,0,0,England,0,0,0,0,0,0,0,0,0,0,0,0,0,0,0,0,0,0,0,0,0,0,0,0,0,0,0,0,0,0,0,-1,-1,-1,-1
Kelland Watts,20,Premier League,2018/2019,Midfielder,Newcastle United,0,0,0,England,0,0,0,0,0,0,0,0,0,0,0,0,0,0,0,0,0,0,0,0,0,0,0,0,0,0,0,0,0,0,0,-1,-1,-1,-1
Marc Guehi,19,Premier League,2018/2019,Defender,Chelsea,0,0,0,England,0,0,0,0,0,0,0,0,0,0,0,0,0,0,0,0,0,0,0,0,0,0,0,0,0,0,0,0,0,0,0,-1,-1,-1,-1
